-- phpMyAdmin SQL Dump
-- version 5.2.1
-- https://www.phpmyadmin.net/
--
-- Máy chủ: 127.0.0.1
-- Thời gian đã tạo: Th12 26, 2025 lúc 03:19 AM
-- Phiên bản máy phục vụ: 10.4.32-MariaDB
-- Phiên bản PHP: 8.2.12

SET SQL_MODE = "NO_AUTO_VALUE_ON_ZERO";
START TRANSACTION;
SET time_zone = "+00:00";


/*!40101 SET @OLD_CHARACTER_SET_CLIENT=@@CHARACTER_SET_CLIENT */;
/*!40101 SET @OLD_CHARACTER_SET_RESULTS=@@CHARACTER_SET_RESULTS */;
/*!40101 SET @OLD_COLLATION_CONNECTION=@@COLLATION_CONNECTION */;
/*!40101 SET NAMES utf8mb4 */;

--
-- Cơ sở dữ liệu: `nha_tro`
--

-- --------------------------------------------------------

--
-- Cấu trúc bảng cho bảng `anh_bai_dang`
--

CREATE TABLE `anh_bai_dang` (
  `id` int(11) NOT NULL,
  `bai_dang_id` int(11) NOT NULL,
  `url` varchar(500) NOT NULL,
  `thu_tu` int(11) NOT NULL DEFAULT 0,
  `ngay_tao` datetime NOT NULL DEFAULT current_timestamp()
) ENGINE=InnoDB DEFAULT CHARSET=utf8mb4 COLLATE=utf8mb4_general_ci;

--
-- Đang đổ dữ liệu cho bảng `anh_bai_dang`
--

INSERT INTO `anh_bai_dang` (`id`, `bai_dang_id`, `url`, `thu_tu`, `ngay_tao`) VALUES
(5, 4, 'bai_dang/1.jpg', 1, '2025-10-11 11:36:01'),
(25, 6, 'bai_dang/bai_dang_20251022_144734_68f8ee86729da.png', 0, '2025-10-22 21:47:34'),
(26, 3, 'bai_dang/bai_dang_20251022_150935_68f8f3afad90c.jpg', 0, '2025-10-22 22:09:35'),
(27, 2, 'bai_dang/bai_dang_20251022_152021_68f8f635f3621.png', 0, '2025-10-22 22:20:22'),
(28, 1, 'bai_dang/bai_dang_20251022_152052_68f8f65470783.png', 0, '2025-10-22 22:20:52'),
(29, 19, 'bai_dang/bai_dang_20251022_152235_68f8f6bb8e9f4.png', 0, '2025-10-22 22:22:35'),
(101, 101, 'bai_dang/1.jpg', 1, '2025-11-17 05:24:37'),
(102, 102, 'bai_dang/2.jpg', 1, '2025-11-17 05:24:37'),
(103, 103, 'bai_dang/3.jpg', 1, '2025-11-17 05:24:37'),
(104, 104, 'bai_dang/4.jpg', 1, '2025-11-17 05:24:37'),
(105, 105, 'bai_dang/5.jpg', 1, '2025-11-17 05:24:37'),
(106, 106, 'bai_dang/6.jpg', 1, '2025-11-17 05:24:37'),
(107, 107, 'bai_dang/7.jpg', 1, '2025-11-17 05:24:37'),
(108, 108, 'bai_dang/8.jpg', 1, '2025-11-17 05:24:37'),
(109, 109, 'bai_dang/9.jpg', 1, '2025-11-17 05:24:37'),
(110, 110, 'bai_dang/10.jpg', 1, '2025-11-17 05:24:37'),
(111, 111, 'bai_dang/11.jpg', 1, '2025-11-17 05:24:37'),
(112, 112, 'bai_dang/12.jpg', 1, '2025-11-17 05:24:37'),
(113, 113, 'bai_dang/13.jpg', 1, '2025-11-17 05:24:37'),
(114, 114, 'bai_dang/14.jpg', 1, '2025-11-17 05:24:37'),
(115, 115, 'bai_dang/15.jpg', 1, '2025-11-17 05:24:37'),
(116, 116, 'bai_dang/16.jpg', 1, '2025-11-17 05:24:37'),
(117, 117, 'bai_dang/17.jpg', 1, '2025-11-17 05:24:37'),
(118, 118, 'bai_dang/18.jpg', 1, '2025-11-17 05:24:37'),
(119, 119, 'bai_dang/19.jpg', 1, '2025-11-17 05:24:37'),
(120, 120, 'bai_dang/20.jpg', 1, '2025-11-17 05:24:37'),
(121, 121, 'bai_dang/21.jpg', 1, '2025-11-17 05:24:37'),
(122, 122, 'bai_dang/22.jpg', 1, '2025-11-17 05:24:37'),
(123, 123, 'bai_dang/23.jpg', 1, '2025-11-17 05:24:37'),
(124, 124, 'bai_dang/24.jpg', 1, '2025-11-17 05:24:37'),
(125, 125, 'bai_dang/25.jpg', 1, '2025-11-17 05:24:37'),
(126, 126, 'bai_dang/26.jpg', 1, '2025-11-17 05:24:37'),
(127, 127, 'bai_dang/27.jpg', 1, '2025-11-17 05:24:37'),
(128, 128, 'bai_dang/28.jpg', 1, '2025-11-17 05:24:37'),
(129, 129, 'bai_dang/29.jpg', 1, '2025-11-17 05:24:37'),
(130, 130, 'bai_dang/30.jpg', 1, '2025-11-17 05:24:37'),
(131, 131, 'bai_dang/31.jpg', 1, '2025-11-17 05:24:37'),
(132, 132, 'bai_dang/32.jpg', 1, '2025-11-17 05:24:37'),
(133, 133, 'bai_dang/33.jpg', 1, '2025-11-17 05:24:37'),
(134, 134, 'bai_dang/34.jpg', 1, '2025-11-17 05:24:37'),
(135, 135, 'bai_dang/35.jpg', 1, '2025-11-17 05:24:37'),
(136, 136, 'bai_dang/36.jpg', 1, '2025-11-17 05:24:37'),
(137, 137, 'bai_dang/37.jpg', 1, '2025-11-17 05:24:37'),
(138, 138, 'bai_dang/38.jpg', 1, '2025-11-17 05:24:37'),
(139, 139, 'bai_dang/39.jpg', 1, '2025-11-17 05:24:37'),
(140, 140, 'bai_dang/40.jpg', 1, '2025-11-17 05:24:37'),
(141, 141, 'bai_dang/41.jpg', 1, '2025-11-17 05:24:37'),
(142, 142, 'bai_dang/42.jpg', 1, '2025-11-17 05:24:37'),
(143, 143, 'bai_dang/43.jpg', 1, '2025-11-17 05:24:37'),
(144, 144, 'bai_dang/44.jpg', 1, '2025-11-17 05:24:37'),
(145, 145, 'bai_dang/45.jpg', 1, '2025-11-17 05:24:37'),
(146, 146, 'bai_dang/46.jpg', 1, '2025-11-17 05:24:37'),
(147, 147, 'bai_dang/47.jpg', 1, '2025-11-17 05:24:37'),
(148, 148, 'bai_dang/48.jpg', 1, '2025-11-17 05:24:37'),
(149, 149, 'bai_dang/49.jpg', 1, '2025-11-17 05:24:37'),
(150, 149, 'bai_dang/50.jpg', 2, '2025-11-17 05:24:37'),
(151, 150, 'bai_dang/bai_dang_20251119_132508_691dc534667be.jpg', 0, '2025-11-19 20:25:09'),
(157, 156, 'bai_dang/bai_dang_20251223_112856_694a1a880e566.png', 0, '2025-12-23 11:28:56'),
(158, 157, 'bai_dang/bai_dang_20251223_134010_694a394a9003b.jpg', 0, '2025-12-23 13:40:11'),
(159, 158, 'bai_dang/bai_dang_20251223_134633_694a3ac9ae195.jpg', 0, '2025-12-23 13:46:33'),
(163, 162, 'bai_dang/bai_dang_20251223_162135_694a5f1f0bd60.jpg', 0, '2025-12-23 16:21:35'),
(164, 163, 'bai_dang/bai_dang_20251224_140654_694b910e607cf.jpg', 0, '2025-12-24 14:06:54'),
(165, 164, 'bai_dang/bai_dang_20251224_142902_694b963e81165.jpg', 0, '2025-12-24 14:29:02'),
(166, 165, 'bai_dang/bai_dang_20251224_143047_694b96a778ac6.jpg', 0, '2025-12-24 14:30:47'),
(167, 166, 'bai_dang/bai_dang_20251224_144301_694b99858a696.png', 0, '2025-12-24 14:43:01'),
(168, 167, 'bai_dang/bai_dang_20251224_145545_694b9c8156dc5.png', 0, '2025-12-24 14:55:45'),
(169, 168, 'bai_dang/bai_dang_20251224_150922_694b9fb2a3849.jpg', 0, '2025-12-24 15:09:22'),
(170, 169, 'bai_dang/bai_dang_20251224_151544_694ba1309910c.jpg', 0, '2025-12-24 15:15:44'),
(171, 170, 'bai_dang/bai_dang_20251224_152341_694ba30d986f6.jpg', 0, '2025-12-24 15:23:41'),
(172, 171, 'bai_dang/bai_dang_20251224_153209_694ba50901d2e.jpg', 0, '2025-12-24 15:32:09'),
(173, 172, 'bai_dang/bai_dang_20251224_153329_694ba5594d3a0.jpg', 0, '2025-12-24 15:33:29'),
(177, 176, 'bai_dang/bai_dang_20251225_075330_694c8b0ac3e75.jpg', 0, '2025-12-25 07:53:30'),
(187, 181, 'bai_dang/bai_dang_20251225_130948_694cd52c2df55.jpg', 0, '2025-12-25 13:09:48'),
(188, 173, 'bai_dang/bai_dang_20251225_131030_694cd556d7a80.jpg', 0, '2025-12-25 13:10:30'),
(189, 174, 'bai_dang/bai_dang_20251225_131419_694cd63b5b956.png', 0, '2025-12-25 13:14:19'),
(194, 188, 'bai_dang/bai_dang_20251225_171704_694d0f20dd988.jpg', 0, '2025-12-25 17:17:04'),
(195, 189, 'bai_dang/bai_dang_20251225_200438_694d36662ff77.jpg', 0, '2025-12-25 20:04:38'),
(196, 190, 'bai_dang/bai_dang_20251225_213404_694d4b5c404cd.jpg', 0, '2025-12-25 21:34:05'),
(197, 191, 'bai_dang/bai_dang_20251226_060111_694dc237c621c.png', 0, '2025-12-26 06:01:12'),
(198, 192, 'bai_dang/bai_dang_20251226_075056_694ddbf01f742.jpg', 0, '2025-12-26 07:50:57');

-- --------------------------------------------------------

--
-- Cấu trúc bảng cho bảng `bai_dang`
--

CREATE TABLE `bai_dang` (
  `id` int(11) NOT NULL,
  `nguoi_dung_id` int(11) DEFAULT NULL,
  `phong_id` int(11) NOT NULL,
  `tieu_de` varchar(255) NOT NULL,
  `dia_chi` varchar(255) DEFAULT NULL,
  `mo_ta` text NOT NULL,
  `gia_niem_yet` decimal(12,2) NOT NULL,
  `trang_thai` enum('nhap','cho_duyet','dang','an','tu_choi') NOT NULL DEFAULT 'cho_duyet',
  `ngay_duyet` timestamp NULL DEFAULT NULL,
  `ly_do_tu_choi` varchar(255) DEFAULT NULL,
  `ngay_tao` datetime NOT NULL DEFAULT current_timestamp(),
  `ngay_cap_nhat` datetime NOT NULL DEFAULT current_timestamp() ON UPDATE current_timestamp()
) ENGINE=InnoDB DEFAULT CHARSET=utf8mb4 COLLATE=utf8mb4_general_ci;

--
-- Đang đổ dữ liệu cho bảng `bai_dang`
--

INSERT INTO `bai_dang` (`id`, `nguoi_dung_id`, `phong_id`, `tieu_de`, `dia_chi`, `mo_ta`, `gia_niem_yet`, `trang_thai`, `ngay_duyet`, `ly_do_tu_choi`, `ngay_tao`, `ngay_cap_nhat`) VALUES
(1, 2, 1, 'Phòng trọ tiện nghi A101', 'Phường Sài Gòn', 'Gần trung tâm, đầy đủ tiện nghi.', 2500000.00, 'dang', NULL, NULL, '2025-10-11 11:36:01', '2025-12-02 14:08:43'),
(2, 2, 2, 'Phòng trọ rộng rãi A102', 'Phường Sài Gòn', 'Phù hợp sinh viên và gia đình nhỏ.', 2800000.00, 'dang', NULL, NULL, '2025-10-11 11:36:01', '2025-12-02 14:08:43'),
(3, 2, 3, 'Phòng B201 giá hợp lý', 'Phường Tân Định', 'An ninh tốt, có chỗ để xe.', 3000000.00, 'dang', NULL, NULL, '2025-10-11 11:36:01', '2025-12-02 14:08:43'),
(4, 3, 4, 'Phòng C101 sạch sẽ', 'Phường Bến Thành', 'Gần chợ, thuận tiện đi lại.', 3200000.00, 'dang', NULL, NULL, '2025-10-11 11:36:01', '2025-12-02 14:08:43'),
(5, 3, 5, 'Phòng D301 cao cấp', 'Phường Cầu Ông Lãnh', 'Phòng rộng, ban công thoáng mát.', 3500000.00, 'dang', NULL, NULL, '2025-10-11 11:36:01', '2025-12-02 14:08:43'),
(6, 2, 1, 'Phòng trọ 20m² đầy đủ tiện nghi - Gần Đại học Sư Phạm', 'Phường Sài Gòn', 'Phòng rộng 20m², có cửa sổ thoáng mát, gác lửng, wifi miễn phí.\r\nCó chỗ để xe, khu vực an ninh, gần siêu thị và bến xe.\r\nBé tí', 3000000.00, 'dang', NULL, NULL, '2025-10-11 13:17:35', '2025-12-02 14:08:43'),
(19, 2, 11, 'Phòng không nội thất', 'Phường Bàn Cờ', 'Phòng này chứa được con voi và cá mập', 3100000.00, 'dang', NULL, NULL, '2025-10-22 22:22:35', '2025-12-02 14:08:43'),
(101, 101, 14, 'Phòng trọ giá rẻ tại Quận 1', 'Phường Xuân Hòa', 'Phòng sạch sẽ, thoáng mát, an ninh tốt, gần chợ và trường học.', 2500000.00, 'dang', NULL, NULL, '2025-11-17 05:24:37', '2025-12-02 14:08:43'),
(102, 101, 15, 'Phòng trọ giá rẻ tại Quận 2', 'Phường Xuân Hòa', 'Phòng sạch sẽ, thoáng mát, an ninh tốt, gần chợ và trường học.', 2700000.00, 'dang', NULL, NULL, '2025-11-17 05:24:37', '2025-12-02 14:08:43'),
(103, 101, 16, 'Phòng trọ giá rẻ tại Quận 3', 'Phường Nhiêu Lộc', 'Phòng sạch sẽ, thoáng mát, an ninh tốt, gần chợ và trường học.', 2900000.00, 'dang', NULL, NULL, '2025-11-17 05:24:37', '2025-12-02 14:08:43'),
(104, 101, 17, 'Phòng trọ giá rẻ tại Quận 4', 'Phường Nhiêu Lộc', 'Phòng sạch sẽ, thoáng mát, an ninh tốt, gần chợ và trường học.', 3100000.00, 'dang', NULL, NULL, '2025-11-17 05:24:37', '2025-12-02 14:08:43'),
(105, 101, 18, 'Phòng trọ giá rẻ tại Quận 5', 'Phường Xóm Chiếu', 'Phòng sạch sẽ, thoáng mát, an ninh tốt, gần chợ và trường học.', 3300000.00, 'dang', NULL, NULL, '2025-11-17 05:24:37', '2025-12-02 14:08:43'),
(106, 101, 19, 'Phòng trọ giá rẻ tại Quận 6', 'Phường Xóm Chiếu', 'Phòng sạch sẽ, thoáng mát, an ninh tốt, gần chợ và trường học.', 3500000.00, 'dang', NULL, NULL, '2025-11-17 05:24:37', '2025-12-02 14:08:43'),
(107, 101, 20, 'Phòng trọ giá rẻ tại Quận 7', 'Phường Khánh Hội', 'Phòng sạch sẽ, thoáng mát, an ninh tốt, gần chợ và trường học.', 2500000.00, 'dang', NULL, NULL, '2025-11-17 05:24:37', '2025-12-02 14:08:43'),
(108, 101, 21, 'Phòng trọ giá rẻ tại Quận 8', 'Phường Khánh Hội', 'Phòng sạch sẽ, thoáng mát, an ninh tốt, gần chợ và trường học.', 2700000.00, 'dang', NULL, NULL, '2025-11-17 05:24:37', '2025-12-02 14:08:43'),
(109, 101, 22, 'Phòng trọ giá rẻ tại Quận 9', 'Phường Vĩnh Hội', 'Phòng sạch sẽ, thoáng mát, an ninh tốt, gần chợ và trường học.', 2900000.00, 'dang', NULL, NULL, '2025-11-17 05:24:37', '2025-12-02 14:08:43'),
(110, 101, 23, 'Phòng trọ giá rẻ tại Quận 10', 'Phường Vĩnh Hội', 'Phòng sạch sẽ, thoáng mát, an ninh tốt, gần chợ và trường học.', 3100000.00, 'dang', NULL, NULL, '2025-11-17 05:24:37', '2025-11-25 17:28:46'),
(111, 102, 24, 'Phòng trọ giá rẻ tại Quận 11', 'Phường Chợ Quán', 'Phòng sạch sẽ, thoáng mát, an ninh tốt, gần chợ và trường học.', 3300000.00, 'dang', NULL, NULL, '2025-11-17 05:24:37', '2025-11-25 17:28:46'),
(112, 102, 25, 'Phòng trọ giá rẻ tại Quận 12', 'Phường Chợ Quán', 'Phòng sạch sẽ, thoáng mát, an ninh tốt, gần chợ và trường học.', 3500000.00, 'dang', NULL, NULL, '2025-11-17 05:24:37', '2025-12-02 14:08:43'),
(113, 102, 26, 'Phòng trọ giá rẻ tại Quận Bình Tân', 'Phường An Đông', 'Phòng sạch sẽ, thoáng mát, an ninh tốt, gần chợ và trường học.', 2500000.00, 'dang', NULL, NULL, '2025-11-17 05:24:37', '2025-12-02 14:08:43'),
(114, 102, 27, 'Phòng trọ giá rẻ tại Quận Bình Thạnh', 'Phường An Đông', 'Phòng sạch sẽ, thoáng mát, an ninh tốt, gần chợ và trường học.', 2700000.00, 'dang', NULL, NULL, '2025-11-17 05:24:37', '2025-12-02 14:08:43'),
(115, 102, 28, 'Phòng trọ giá rẻ tại Quận Gò Vấp', 'Phường Chợ Lớn', 'Phòng sạch sẽ, thoáng mát, an ninh tốt, gần chợ và trường học.', 2900000.00, 'dang', NULL, NULL, '2025-11-17 05:24:37', '2025-12-02 14:08:43'),
(116, 102, 29, 'Phòng trọ giá rẻ tại Quận Phú Nhuận', 'Phường Chợ Lớn', 'Phòng sạch sẽ, thoáng mát, an ninh tốt, gần chợ và trường học.', 3100000.00, 'dang', NULL, NULL, '2025-11-17 05:24:37', '2025-12-02 14:08:43'),
(117, 102, 30, 'Phòng trọ giá rẻ tại Quận Tân Bình', 'Phường Bình Tây', 'Phòng sạch sẽ, thoáng mát, an ninh tốt, gần chợ và trường học.', 3300000.00, 'dang', NULL, NULL, '2025-11-17 05:24:37', '2025-12-02 14:08:43'),
(118, 102, 31, 'Phòng trọ giá rẻ tại Quận Tân Phú', 'Phường Bình Tây', 'Phòng sạch sẽ, thoáng mát, an ninh tốt, gần chợ và trường học.', 3500000.00, 'dang', NULL, NULL, '2025-11-17 05:24:37', '2025-12-02 14:08:43'),
(119, 102, 32, 'Phòng trọ giá rẻ tại Quận Bình Chánh', 'Phường Bình Tiên', 'Phòng sạch sẽ, thoáng mát, an ninh tốt, gần chợ và trường học.', 2500000.00, 'dang', NULL, NULL, '2025-11-17 05:24:37', '2025-12-02 14:08:43'),
(120, 102, 33, 'Phòng trọ giá rẻ tại Quận Cần Giờ', 'Phường Bình Tiên', 'Phòng sạch sẽ, thoáng mát, an ninh tốt, gần chợ và trường học.', 2700000.00, 'dang', NULL, NULL, '2025-11-17 05:24:37', '2025-12-02 14:08:43'),
(121, 103, 34, 'Phòng trọ giá rẻ tại Quận Củ Chi', 'Phường Bình Phú', 'Phòng sạch sẽ, thoáng mát, an ninh tốt, gần chợ và trường học.', 2900000.00, 'dang', NULL, NULL, '2025-11-17 05:24:37', '2025-12-02 14:08:43'),
(122, 103, 35, 'Phòng trọ giá rẻ tại Quận Hóc Môn', 'Phường Bình Phú', 'Phòng sạch sẽ, thoáng mát, an ninh tốt, gần chợ và trường học.', 3100000.00, 'dang', NULL, NULL, '2025-11-17 05:24:37', '2025-12-02 14:08:43'),
(123, 103, 36, 'Phòng trọ giá rẻ tại Quận 1', 'Phường Phú Lâm', 'Phòng sạch sẽ, thoáng mát, an ninh tốt, gần chợ và trường học.', 3300000.00, 'dang', NULL, NULL, '2025-11-17 05:24:37', '2025-12-02 14:08:43'),
(124, 103, 37, 'Phòng trọ giá rẻ tại Quận 2', 'Phường Phú Lâm', 'Phòng sạch sẽ, thoáng mát, an ninh tốt, gần chợ và trường học.', 3500000.00, 'dang', NULL, NULL, '2025-11-17 05:24:37', '2025-12-02 14:08:43'),
(125, 103, 38, 'Phòng trọ giá rẻ tại Quận 3', 'Phường Tân Thuận', 'Phòng sạch sẽ, thoáng mát, an ninh tốt, gần chợ và trường học.', 2500000.00, 'dang', NULL, NULL, '2025-11-17 05:24:37', '2025-12-02 14:08:43'),
(126, 103, 39, 'Phòng trọ giá rẻ tại Quận 4', 'Phường Tân Thuận', 'Phòng sạch sẽ, thoáng mát, an ninh tốt, gần chợ và trường học.', 2700000.00, 'dang', NULL, NULL, '2025-11-17 05:24:37', '2025-12-02 14:08:43'),
(127, 103, 40, 'Phòng trọ giá rẻ tại Quận 5', 'Phường Phú Thuận', 'Phòng sạch sẽ, thoáng mát, an ninh tốt, gần chợ và trường học.', 2900000.00, 'dang', NULL, NULL, '2025-11-17 05:24:37', '2025-12-02 14:08:43'),
(128, 103, 41, 'Phòng trọ giá rẻ tại Quận 6', 'Phường Phú Thuận', 'Phòng sạch sẽ, thoáng mát, an ninh tốt, gần chợ và trường học.', 3100000.00, 'dang', NULL, NULL, '2025-11-17 05:24:37', '2025-12-02 14:08:43'),
(129, 103, 42, 'Phòng trọ giá rẻ tại Quận 7', 'Phường Tân Mỹ', 'Phòng sạch sẽ, thoáng mát, an ninh tốt, gần chợ và trường học.', 3300000.00, 'dang', NULL, NULL, '2025-11-17 05:24:37', '2025-12-02 14:08:43'),
(130, 103, 43, 'Phòng trọ giá rẻ tại Quận 8', 'Phường Tân Mỹ', 'Phòng sạch sẽ, thoáng mát, an ninh tốt, gần chợ và trường học.', 3500000.00, 'dang', NULL, NULL, '2025-11-17 05:24:37', '2025-12-02 14:08:43'),
(131, 104, 44, 'Phòng trọ giá rẻ tại Quận 9', 'Phường Tân Hưng', 'Phòng sạch sẽ, thoáng mát, an ninh tốt, gần chợ và trường học.', 2500000.00, 'dang', NULL, NULL, '2025-11-17 05:24:37', '2025-12-02 14:08:43'),
(132, 104, 45, 'Phòng trọ giá rẻ tại Quận 10', 'Phường Tân Hưng', 'Phòng sạch sẽ, thoáng mát, an ninh tốt, gần chợ và trường học.', 2700000.00, 'dang', NULL, NULL, '2025-11-17 05:24:37', '2025-12-02 14:08:43'),
(133, 104, 46, 'Phòng trọ giá rẻ tại Quận 11', 'Phường Chánh Hưng', 'Phòng sạch sẽ, thoáng mát, an ninh tốt, gần chợ và trường học.', 2900000.00, 'dang', NULL, NULL, '2025-11-17 05:24:37', '2025-12-02 14:08:43'),
(134, 104, 47, 'Phòng trọ giá rẻ tại Quận 12', 'Phường Chánh Hưng', 'Phòng sạch sẽ, thoáng mát, an ninh tốt, gần chợ và trường học.', 3100000.00, 'dang', NULL, NULL, '2025-11-17 05:24:37', '2025-12-02 14:08:43'),
(135, 104, 48, 'Phòng trọ giá rẻ tại Quận Bình Tân', 'Phường Phú Định', 'Phòng sạch sẽ, thoáng mát, an ninh tốt, gần chợ và trường học.', 3300000.00, 'dang', NULL, NULL, '2025-11-17 05:24:37', '2025-12-02 14:08:43'),
(136, 104, 49, 'Phòng trọ giá rẻ tại Quận Bình Thạnh', 'Phường Phú Định', 'Phòng sạch sẽ, thoáng mát, an ninh tốt, gần chợ và trường học.', 3500000.00, 'dang', NULL, NULL, '2025-11-17 05:24:37', '2025-12-02 14:08:43'),
(137, 104, 50, 'Phòng trọ giá rẻ tại Quận Gò Vấp', 'Phường Bình Đông', 'Phòng sạch sẽ, thoáng mát, an ninh tốt, gần chợ và trường học.', 2500000.00, 'dang', NULL, NULL, '2025-11-17 05:24:37', '2025-12-02 14:08:43'),
(138, 104, 51, 'Phòng trọ giá rẻ tại Quận Phú Nhuận', 'Phường Bình Đông', 'Phòng sạch sẽ, thoáng mát, an ninh tốt, gần chợ và trường học.', 2700000.00, 'dang', NULL, NULL, '2025-11-17 05:24:37', '2025-12-02 14:08:43'),
(139, 104, 52, 'Phòng trọ giá rẻ tại Quận Tân Bình', 'Phường Diên Hồng', 'Phòng sạch sẽ, thoáng mát, an ninh tốt, gần chợ và trường học.', 2900000.00, 'dang', NULL, NULL, '2025-11-17 05:24:37', '2025-12-02 14:08:43'),
(140, 104, 53, 'Phòng trọ giá rẻ tại Quận Tân Phú', 'Phường Diên Hồng', 'Phòng sạch sẽ, thoáng mát, an ninh tốt, gần chợ và trường học.', 3100000.00, 'dang', NULL, NULL, '2025-11-17 05:24:37', '2025-12-02 14:08:43'),
(141, 105, 54, 'Phòng trọ giá rẻ tại Quận Bình Chánh', 'Phường Vườn Lài', 'Phòng sạch sẽ, thoáng mát, an ninh tốt, gần chợ và trường học.', 3300000.00, 'dang', NULL, NULL, '2025-11-17 05:24:37', '2025-12-02 14:08:43'),
(142, 105, 55, 'Phòng trọ giá rẻ tại Quận Cần Giờ', 'Phường Vườn Lài', 'Phòng sạch sẽ, thoáng mát, an ninh tốt, gần chợ và trường học.', 3500000.00, 'dang', NULL, NULL, '2025-11-17 05:24:37', '2025-12-02 14:08:43'),
(143, 105, 56, 'Phòng trọ giá rẻ tại Quận Củ Chi', 'Phường Hòa Hưng', 'Phòng sạch sẽ, thoáng mát, an ninh tốt, gần chợ và trường học.', 2500000.00, 'dang', NULL, NULL, '2025-11-17 05:24:37', '2025-12-02 14:08:43'),
(144, 105, 57, 'Phòng trọ giá rẻ tại Quận Hóc Môn', 'Phường Hòa Hưng', 'Phòng sạch sẽ, thoáng mát, an ninh tốt, gần chợ và trường học.', 2700000.00, 'dang', NULL, NULL, '2025-11-17 05:24:37', '2025-12-02 14:08:43'),
(145, 105, 58, 'Phòng trọ giá rẻ tại Quận 1', 'Phường Minh Phụng', 'Phòng sạch sẽ, thoáng mát, an ninh tốt, gần chợ và trường học.', 2900000.00, 'dang', NULL, NULL, '2025-11-17 05:24:37', '2025-12-02 14:08:43'),
(146, 105, 59, 'Phòng trọ giá rẻ tại Quận 2', 'Phường Minh Phụng', 'Phòng sạch sẽ, thoáng mát, an ninh tốt, gần chợ và trường học.', 3100000.00, 'dang', NULL, NULL, '2025-11-17 05:24:37', '2025-12-02 14:08:43'),
(147, 105, 60, 'Phòng trọ giá rẻ tại Quận 3', 'Phường Bình Thới', 'Phòng sạch sẽ, thoáng mát, an ninh tốt, gần chợ và trường học.', 3300000.00, 'dang', NULL, NULL, '2025-11-17 05:24:37', '2025-12-02 14:08:43'),
(148, 105, 61, 'Phòng trọ giá rẻ tại Quận 4', 'Phường Bình Thới', 'Phòng sạch sẽ, thoáng mát, an ninh tốt, gần chợ và trường học.', 3500000.00, 'dang', NULL, NULL, '2025-11-17 05:24:37', '2025-12-02 14:08:43'),
(149, 105, 62, 'Phòng trọ giá rẻ tại Quận 5', 'Phường Hòa Bình', 'Phòng sạch sẽ, thoáng mát, an ninh tốt, gần chợ và trường học.', 2500000.00, 'dang', NULL, NULL, '2025-11-17 05:24:37', '2025-12-02 14:08:43'),
(150, 2, 63, 'Phòng không nội thất', 'Phường Bàn Cờ', 'Tro mới nè', 3000000.00, 'cho_duyet', NULL, NULL, '2025-11-19 20:25:08', '2025-12-02 14:08:43'),
(156, 2, 65, 'Trọ mới nha', 'Phường Tân Phú', 'trọ nè', 390000.00, 'dang', NULL, NULL, '2025-12-23 11:28:56', '2025-12-23 11:29:39'),
(157, 2, 67, 'Trọ mới làm', 'Phường An Phú Đông', 'aaaa', 16000.00, 'dang', NULL, NULL, '2025-12-23 13:40:10', '2025-12-23 14:55:25'),
(158, 2, 12, 'Mới nâng cấp', 'Phường Tân Định', 'Gần khu vui chơi', 34999.00, 'dang', NULL, NULL, '2025-12-23 13:46:33', '2025-12-23 13:47:10'),
(162, 2, 66, 'Trọ mới phát hành', 'Phường An Đông', 'dâda', 30000.00, 'dang', NULL, NULL, '2025-12-23 16:21:35', '2025-12-23 17:37:10'),
(163, 2, 13, 'moi moi', 'Phường Bàn Cờ', 'aaa', 10001.00, 'dang', NULL, NULL, '2025-12-24 14:06:54', '2025-12-24 14:07:11'),
(164, 2, 69, 'phong moi', 'Phường Tân Phú', 'aaaa', 29999.00, 'dang', NULL, NULL, '2025-12-24 14:29:02', '2025-12-24 14:29:35'),
(165, 2, 63, 'tro sinh vien', 'Phường Bàn Cờ', 'aaa', 30000.00, 'dang', NULL, NULL, '2025-12-24 14:30:47', '2025-12-24 14:41:29'),
(166, 2, 70, 'Tro XXX', 'Phường Tân Phú', 'baobao', 49999.00, 'dang', NULL, NULL, '2025-12-24 14:43:01', '2025-12-24 14:43:23'),
(167, 101, 71, 'AAAA', 'Phường Xuân Hòa', 'AAAAA', 15000.00, 'dang', NULL, NULL, '2025-12-24 14:55:45', '2025-12-24 14:56:04'),
(168, 101, 72, 'bbbbb', 'Phường Nhiêu Lộc', 'aaaa', 50001.00, 'dang', NULL, NULL, '2025-12-24 15:09:22', '2025-12-24 15:09:57'),
(169, 2, 73, 'tro x100', 'Phường An Lạc', 'adadad', 49998.00, 'dang', NULL, NULL, '2025-12-24 15:15:44', '2025-12-24 15:16:02'),
(170, 2, 74, 'm001', 'Phường Bình Chiểu', 'aa', 24000.00, 'dang', NULL, NULL, '2025-12-24 15:23:41', '2025-12-24 15:24:19'),
(171, 2, 75, 'M100', 'Phường Bình Chiểu', 'aaa', 35000.00, 'dang', NULL, NULL, '2025-12-24 15:32:09', '2025-12-24 15:32:26'),
(172, 2, 76, 'CC01', 'Phường Diên Hồng', 'aaa', 47000.00, 'dang', NULL, NULL, '2025-12-24 15:33:29', '2025-12-24 15:33:44'),
(173, 2, 77, 'M80', 'Phường Bình Chiểu', 'M80', 65000.00, 'dang', NULL, NULL, '2025-12-24 16:55:01', '2025-12-24 16:55:27'),
(174, 2, 78, 'P99', 'Phường Bình Tây', 'P99', 67000.00, 'dang', NULL, NULL, '2025-12-25 06:58:52', '2025-12-25 06:59:17'),
(176, 105, 83, 'G63', 'Phường Thới An', 'aa', 35000.00, 'dang', NULL, NULL, '2025-12-25 07:53:30', '2025-12-25 07:53:58'),
(181, 2, 84, 'CC99', 'Phường Diên Hồng', 'CC99', 46000.00, 'dang', NULL, NULL, '2025-12-25 11:49:33', '2025-12-25 11:49:54'),
(188, 2, 6, 'Full nội thất', 'Phường Bàn Cờ', 'full noi that', 34000.00, 'dang', NULL, NULL, '2025-12-25 17:17:04', '2025-12-25 17:17:13'),
(189, 2, 79, 'P00', 'Phường Bình Tây', 'P00', 35000.00, 'dang', NULL, NULL, '2025-12-25 20:04:38', '2025-12-25 20:05:05'),
(190, 2, 85, 'BTC001', 'Phường Nhiêu Lộc', 'BTC', 34000.00, 'dang', NULL, NULL, '2025-12-25 21:34:04', '2025-12-25 21:34:32'),
(191, 2, 80, 'P89', 'Phường Bình Tây', 'P00', 63999.00, 'dang', NULL, NULL, '2025-12-26 06:01:11', '2025-12-26 06:01:34'),
(192, 2, 86, 'Phong moi tao hom nay', 'Phường Bàn Cờ', 'Day du tien nghi', 34000.00, 'dang', NULL, NULL, '2025-12-26 07:50:56', '2025-12-26 07:51:19');

-- --------------------------------------------------------

--
-- Cấu trúc bảng cho bảng `chi_so`
--

CREATE TABLE `chi_so` (
  `id` int(11) NOT NULL,
  `dong_ho_id` int(11) NOT NULL,
  `thoi_gian` datetime NOT NULL,
  `gia_tri` decimal(12,2) NOT NULL,
  `ghi_chu` varchar(255) NOT NULL,
  `nguoi_nhap_id` int(11) DEFAULT NULL,
  `nguoi_sua_id` int(11) DEFAULT NULL,
  `ngay_tao` datetime NOT NULL DEFAULT current_timestamp(),
  `updated_at` datetime DEFAULT NULL
) ENGINE=InnoDB DEFAULT CHARSET=utf8mb4 COLLATE=utf8mb4_general_ci;

--
-- Đang đổ dữ liệu cho bảng `chi_so`
--

INSERT INTO `chi_so` (`id`, `dong_ho_id`, `thoi_gian`, `gia_tri`, `ghi_chu`, `nguoi_nhap_id`, `nguoi_sua_id`, `ngay_tao`, `updated_at`) VALUES
(1, 1, '2025-01-01 00:00:00', 100.00, 'Chỉ số đầu', NULL, NULL, '2025-10-11 11:36:01', NULL),
(2, 2, '2025-01-01 00:00:00', 50.00, 'Chỉ số đầu', NULL, NULL, '2025-10-11 11:36:01', NULL),
(3, 3, '2025-01-01 00:00:00', 200.00, 'Chỉ số đầu', NULL, NULL, '2025-10-11 11:36:01', NULL),
(4, 4, '2025-01-01 00:00:00', 120.00, 'Chỉ số đầu', NULL, NULL, '2025-10-11 11:36:01', NULL),
(5, 5, '2025-01-01 00:00:00', 80.00, 'Chỉ số đầu', NULL, NULL, '2025-10-11 11:36:01', NULL),
(6, 1, '2025-10-08 00:00:00', 112.00, 'chỉ số mới', NULL, NULL, '2025-10-23 12:56:39', NULL),
(7, 2, '2025-10-23 00:00:00', 69.00, 'mới nè', 2, NULL, '2025-10-23 14:38:30', NULL),
(8, 3, '2025-10-22 00:00:00', 155.00, 'mới nè', 2, 2, '2025-10-23 15:39:39', '2025-10-23 08:39:51'),
(9, 1, '2025-10-24 00:00:00', 110.00, 'mới mới', 2, 2, '2025-10-24 11:32:46', '2025-10-24 06:14:15'),
(10, 1, '2025-10-24 00:00:00', 111.00, 'chỉ số mới', 2, NULL, '2025-10-24 12:25:20', NULL),
(11, 2, '2025-10-24 00:00:00', 70.00, 'chỉ số mới', 2, 2, '2025-10-24 12:27:45', '2025-10-24 06:16:50'),
(12, 3, '2025-11-22 00:00:00', 160.00, 'moimoi', 2, 2, '2025-10-24 12:55:18', '2025-10-24 07:18:30'),
(13, 6, '2025-10-26 20:22:40', 11.00, 'Chỉ số đầu', 2, 2, '2025-10-26 20:22:40', '2025-12-24 14:35:45'),
(14, 7, '2025-10-26 20:22:40', 22.00, 'Chỉ số đầu', 2, 2, '2025-10-26 20:22:40', '2025-12-24 14:33:32'),
(15, 8, '2025-11-19 20:24:33', 22.00, 'Chỉ số đầu', 2, 2, '2025-11-19 20:24:33', '2025-12-24 14:47:58'),
(16, 9, '2025-11-19 20:24:33', 11.00, 'Chỉ số đầu', 2, 2, '2025-11-19 20:24:33', '2025-12-24 14:48:03'),
(17, 10, '2025-11-30 10:51:50', 0.00, 'Chỉ số đầu', 3, NULL, '2025-11-30 10:51:50', NULL),
(18, 11, '2025-11-30 10:51:50', 0.00, 'Chỉ số đầu', 3, NULL, '2025-11-30 10:51:50', NULL),
(19, 12, '2025-12-23 11:15:02', 0.00, 'Chỉ số đầu', 2, NULL, '2025-12-23 11:15:02', NULL),
(20, 13, '2025-12-23 11:15:02', 0.00, 'Chỉ số đầu', 2, NULL, '2025-12-23 11:15:02', NULL),
(23, 14, '2025-12-23 12:09:38', 33.00, 'Chỉ số đầu', 2, 2, '2025-12-23 12:09:38', '2025-12-23 19:05:53'),
(24, 15, '2025-12-23 12:09:38', 33.00, 'Chỉ số đầu', 2, 2, '2025-12-23 12:09:38', '2025-12-23 19:05:58'),
(46, 7, '2025-12-27 00:00:00', 44.00, 'moi', 2, NULL, '2025-12-24 14:36:07', NULL),
(47, 6, '2025-12-25 00:00:00', 55.00, 'moi', 2, NULL, '2025-12-24 14:37:11', NULL),
(48, 8, '2025-12-26 00:00:00', 33.00, 'moi', 2, NULL, '2025-12-24 14:48:31', NULL),
(49, 9, '2025-12-27 00:00:00', 22.00, 'moi', 2, NULL, '2025-12-24 14:48:45', NULL),
(56, 24, '2025-12-24 15:08:50', 0.00, 'Chỉ số đầu', 101, NULL, '2025-12-24 15:08:50', NULL),
(57, 25, '2025-12-24 15:08:50', 0.00, 'Chỉ số đầu', 101, NULL, '2025-12-24 15:08:50', NULL),
(58, 26, '2025-12-24 15:14:44', 0.00, 'Chỉ số đầu', 2, NULL, '2025-12-24 15:14:44', NULL),
(59, 27, '2025-12-24 15:14:44', 0.00, 'Chỉ số đầu', 2, NULL, '2025-12-24 15:14:44', NULL),
(60, 28, '2025-12-24 15:21:54', 0.00, 'Chỉ số đầu', 2, NULL, '2025-12-24 15:21:54', NULL),
(61, 29, '2025-12-24 15:21:54', 0.00, 'Chỉ số đầu', 2, NULL, '2025-12-24 15:21:54', NULL),
(62, 28, '2025-12-25 00:00:00', 22.00, 'chỉ số mới', 2, NULL, '2025-12-24 15:27:34', NULL),
(63, 29, '2025-12-25 00:00:00', 44.00, 'chỉ số mới', 2, NULL, '2025-12-24 15:27:48', NULL),
(64, 30, '2025-12-24 15:29:07', 0.00, 'Chỉ số đầu', 2, NULL, '2025-12-24 15:29:07', NULL),
(65, 31, '2025-12-24 15:29:07', 0.00, 'Chỉ số đầu', 2, NULL, '2025-12-24 15:29:07', NULL),
(66, 32, '2025-12-24 15:33:11', 0.00, 'Chỉ số đầu', 2, NULL, '2025-12-24 15:33:11', NULL),
(67, 33, '2025-12-24 15:33:11', 0.00, 'Chỉ số đầu', 2, NULL, '2025-12-24 15:33:11', NULL),
(68, 32, '2025-12-25 00:00:00', 22.00, 'chỉ số mới', 2, NULL, '2025-12-24 15:37:21', NULL),
(69, 33, '2025-12-25 00:00:00', 31.00, 'chỉ số mới', 2, NULL, '2025-12-24 15:37:33', NULL),
(70, 33, '2025-12-27 00:00:00', 55.00, 'chỉ số mới', 2, NULL, '2025-12-24 15:43:00', NULL),
(71, 32, '2026-01-07 00:00:00', 67.00, 'chỉ số mới', 2, 2, '2025-12-24 15:47:47', '2025-12-24 15:47:58'),
(72, 1, '2025-12-26 00:00:00', 0.00, 'chỉ số mới', 2, NULL, '2025-12-24 15:49:07', NULL),
(73, 34, '2025-12-24 16:53:12', 31.00, 'Chỉ số đầu', 2, 2, '2025-12-24 16:53:12', '2025-12-25 06:55:50'),
(74, 35, '2025-12-24 16:53:12', 0.00, 'Chỉ số đầu', 2, NULL, '2025-12-24 16:53:12', NULL),
(75, 30, '2025-12-25 00:00:00', 24.00, 'chỉ số mới', 2, NULL, '2025-12-24 17:04:08', NULL),
(76, 31, '2025-12-26 00:00:00', 35.00, 'chỉ số mới', 2, NULL, '2025-12-24 17:04:20', NULL),
(78, 36, '2025-12-25 06:57:33', 0.00, 'Chỉ số đầu', 2, NULL, '2025-12-25 06:57:33', NULL),
(79, 37, '2025-12-25 06:57:33', 0.00, 'Chỉ số đầu', 2, NULL, '2025-12-25 06:57:33', NULL),
(80, 36, '2025-12-26 00:00:00', 24.00, 'chỉ số mới', 2, NULL, '2025-12-25 07:04:09', NULL),
(81, 36, '2025-12-27 00:00:00', 34.00, 'chỉ số mới', 2, NULL, '2025-12-25 07:05:52', NULL),
(82, 37, '2025-12-26 00:00:00', 24.00, 'chỉ số mới', 2, NULL, '2025-12-25 07:06:04', NULL),
(83, 38, '2025-12-25 07:07:06', 0.00, 'Chỉ số đầu', 2, NULL, '2025-12-25 07:07:06', NULL),
(84, 39, '2025-12-25 07:07:06', 0.00, 'Chỉ số đầu', 2, NULL, '2025-12-25 07:07:06', NULL),
(85, 40, '2025-12-25 07:38:47', 0.00, 'Chỉ số đầu', 2, NULL, '2025-12-25 07:38:47', NULL),
(86, 41, '2025-12-25 07:38:47', 0.00, 'Chỉ số đầu', 2, NULL, '2025-12-25 07:38:47', NULL),
(87, 42, '2025-12-25 07:43:59', 0.00, 'Chỉ số đầu', 101, NULL, '2025-12-25 07:43:59', NULL),
(88, 43, '2025-12-25 07:43:59', 0.00, 'Chỉ số đầu', 101, NULL, '2025-12-25 07:43:59', NULL),
(89, 44, '2025-12-25 07:46:13', 0.00, 'Chỉ số đầu', 104, NULL, '2025-12-25 07:46:13', NULL),
(90, 45, '2025-12-25 07:46:13', 0.00, 'Chỉ số đầu', 104, NULL, '2025-12-25 07:46:13', NULL),
(91, 46, '2025-12-25 07:52:58', 31.00, 'Chỉ số đầu', 105, 105, '2025-12-25 07:52:58', '2025-12-25 07:56:13'),
(92, 47, '2025-12-25 07:52:58', 0.00, 'Chỉ số đầu', 105, NULL, '2025-12-25 07:52:58', NULL),
(93, 47, '2025-12-26 00:00:00', 21.00, 'chỉ số mới', 105, NULL, '2025-12-25 07:56:43', NULL),
(94, 48, '2025-12-25 10:32:41', 0.00, 'Chỉ số đầu', 2, NULL, '2025-12-25 10:32:41', NULL),
(95, 49, '2025-12-25 10:32:41', 0.00, 'Chỉ số đầu', 2, NULL, '2025-12-25 10:32:41', NULL),
(96, 48, '2025-12-26 00:00:00', 24.00, 'chỉ số mới', 2, NULL, '2025-12-25 11:53:23', NULL),
(97, 49, '2025-12-26 00:00:00', 22.00, 'chỉ số mới', 2, NULL, '2025-12-25 11:53:34', NULL),
(98, 50, '2025-12-25 21:33:28', 0.00, 'Chỉ số đầu', 2, NULL, '2025-12-25 21:33:28', NULL),
(99, 51, '2025-12-25 21:33:28', 0.00, 'Chỉ số đầu', 2, NULL, '2025-12-25 21:33:28', NULL),
(100, 50, '2025-12-26 00:00:00', 24.00, 'chỉ số mới', 2, NULL, '2025-12-25 21:40:42', NULL),
(101, 51, '2025-12-27 00:00:00', 35.00, 'chỉ số mới', 2, NULL, '2025-12-25 21:40:58', NULL),
(102, 40, '2025-12-27 00:00:00', 12.00, 'chỉ số mới', 2, NULL, '2025-12-26 06:06:48', NULL),
(103, 41, '2025-12-27 00:00:00', 13.00, 'chỉ số mới', 2, NULL, '2025-12-26 06:07:11', NULL),
(104, 52, '2025-12-26 07:50:14', 0.00, 'Chỉ số đầu', 2, NULL, '2025-12-26 07:50:14', NULL),
(105, 53, '2025-12-26 07:50:14', 0.00, 'Chỉ số đầu', 2, NULL, '2025-12-26 07:50:14', NULL),
(106, 52, '2025-12-27 00:00:00', 21.00, 'chỉ số mới', 2, NULL, '2025-12-26 07:55:14', NULL),
(107, 53, '2025-12-27 00:00:00', 23.00, 'chỉ số mới', 2, NULL, '2025-12-26 07:55:30', NULL);

-- --------------------------------------------------------

--
-- Cấu trúc bảng cho bảng `chi_tiet_dich_vu`
--

CREATE TABLE `chi_tiet_dich_vu` (
  `id` int(11) NOT NULL,
  `hoa_don_id` int(11) NOT NULL,
  `dich_vu_id` int(11) NOT NULL,
  `so_luong` decimal(10,2) NOT NULL DEFAULT 1.00,
  `don_gia` decimal(12,2) NOT NULL,
  `thanh_tien` decimal(12,2) NOT NULL
) ENGINE=InnoDB DEFAULT CHARSET=utf8mb4 COLLATE=utf8mb4_general_ci;

--
-- Đang đổ dữ liệu cho bảng `chi_tiet_dich_vu`
--

INSERT INTO `chi_tiet_dich_vu` (`id`, `hoa_don_id`, `dich_vu_id`, `so_luong`, `don_gia`, `thanh_tien`) VALUES
(1, 1, 3, 1.00, 50000.00, 50000.00),
(2, 1, 4, 1.00, 100000.00, 100000.00),
(3, 2, 3, 1.00, 50000.00, 50000.00),
(4, 2, 4, 1.00, 100000.00, 100000.00),
(5, 3, 5, 1.00, 150000.00, 150000.00),
(11, 10, 3, 1.00, 50000.00, 50000.00),
(12, 10, 4, 1.00, 100000.00, 100000.00),
(241, 156, 3, 1.00, 50000.00, 50000.00),
(242, 156, 1, 1.00, 3500.00, 3500.00),
(243, 156, 2, 1.00, 15000.00, 15000.00),
(247, 159, 4, 1.00, 100000.00, 100000.00),
(248, 159, 5, 1.00, 50000.00, 50000.00),
(249, 159, 3, 1.00, 2500000.00, 2500000.00),
(253, 161, 4, 1.00, 100000.00, 100000.00),
(254, 161, 5, 1.00, 150000.00, 150000.00),
(288, 177, 3, 1.00, 50000.00, 50000.00),
(289, 177, 4, 1.00, 100000.00, 100000.00),
(290, 177, 22, 1.00, 25000.00, 25000.00),
(349, 193, 1, 1.00, 3500.00, 3500.00),
(350, 193, 2, 1.00, 15000.00, 15000.00),
(351, 193, 3, 1.00, 50000.00, 50000.00),
(352, 193, 4, 1.00, 100000.00, 100000.00),
(353, 193, 22, 1.00, 25000.00, 25000.00),
(354, 193, 24, 1.00, 20000.00, 20000.00),
(417, 209, 4, 1.00, 100000.00, 100000.00),
(418, 209, 5, 1.00, 150000.00, 150000.00),
(419, 210, 3, 1.00, 50000.00, 50000.00),
(420, 210, 1, 1.00, 3500.00, 3500.00),
(421, 210, 2, 1.00, 15000.00, 15000.00),
(422, 211, 3, 1.00, 50000.00, 50000.00),
(423, 211, 4, 1.00, 100000.00, 100000.00),
(424, 211, 5, 1.00, 150000.00, 150000.00),
(425, 211, 22, 1.00, 25000.00, 25000.00),
(426, 212, 3, 1.00, 50000.00, 50000.00),
(427, 212, 4, 1.00, 100000.00, 100000.00),
(428, 212, 22, 1.00, 25000.00, 25000.00),
(429, 213, 1, 1.00, 3500.00, 3500.00),
(430, 213, 2, 1.00, 15000.00, 15000.00),
(431, 213, 5, 1.00, 150000.00, 150000.00),
(432, 213, 22, 1.00, 25000.00, 25000.00),
(433, 213, 3, 1.00, 50000.00, 50000.00),
(434, 213, 4, 1.00, 100000.00, 100000.00),
(435, 214, 1, 1.00, 3500.00, 3500.00),
(436, 214, 2, 1.00, 15000.00, 15000.00),
(437, 214, 3, 1.00, 50000.00, 50000.00),
(438, 214, 23, 1.00, 80000.00, 80000.00),
(439, 214, 4, 1.00, 100000.00, 100000.00),
(440, 214, 22, 1.00, 25000.00, 25000.00),
(441, 215, 3, 1.00, 50000.00, 50000.00),
(442, 215, 4, 1.00, 100000.00, 100000.00),
(443, 215, 22, 1.00, 25000.00, 25000.00),
(444, 216, 3, 1.00, 50000.00, 50000.00),
(445, 216, 5, 1.00, 150000.00, 150000.00),
(446, 217, 3, 1.00, 50000.00, 50000.00),
(447, 217, 4, 1.00, 100000.00, 100000.00),
(448, 217, 22, 1.00, 25000.00, 25000.00),
(449, 218, 3, 1.00, 50000.00, 50000.00),
(450, 218, 22, 1.00, 25000.00, 25000.00),
(451, 219, 3, 1.00, 50000.00, 50000.00),
(452, 219, 4, 1.00, 100000.00, 100000.00),
(453, 219, 22, 1.00, 25000.00, 25000.00),
(454, 220, 1, 1.00, 20000.00, 20000.00),
(455, 220, 3, 1.00, 50000.00, 50000.00),
(456, 220, 4, 1.00, 100000.00, 100000.00),
(457, 220, 23, 1.00, 80000.00, 80000.00),
(458, 220, 24, 1.00, 20000.00, 20000.00),
(459, 220, 22, 2.00, 25000.00, 50000.00),
(460, 221, 3, 1.00, 50000.00, 50000.00),
(461, 221, 22, 1.00, 25000.00, 25000.00),
(462, 221, 24, 1.00, 20000.00, 20000.00),
(463, 221, 4, 1.00, 100000.00, 100000.00),
(464, 221, 1, 1.00, 3500.00, 3500.00),
(465, 221, 2, 1.00, 15000.00, 15000.00),
(466, 222, 1, 1.00, 3500.00, 3500.00),
(467, 222, 2, 1.00, 15000.00, 15000.00),
(468, 222, 3, 1.00, 50000.00, 50000.00),
(469, 222, 4, 1.00, 100000.00, 100000.00),
(470, 222, 22, 1.00, 25000.00, 25000.00),
(471, 222, 24, 1.00, 20000.00, 20000.00),
(472, 223, 3, 1.00, 50000.00, 50000.00),
(473, 223, 4, 1.00, 100000.00, 100000.00),
(474, 223, 22, 1.00, 25000.00, 25000.00),
(475, 223, 23, 1.00, 80000.00, 80000.00),
(476, 223, 24, 1.00, 20000.00, 20000.00),
(477, 223, 1, 1.00, 3500.00, 3500.00),
(478, 223, 2, 1.00, 15000.00, 15000.00),
(479, 224, 1, 1.00, 3500.00, 3500.00),
(480, 224, 2, 1.00, 15000.00, 15000.00),
(481, 224, 3, 1.00, 50000.00, 50000.00),
(482, 224, 4, 1.00, 100000.00, 100000.00),
(483, 224, 22, 1.00, 25000.00, 25000.00);

-- --------------------------------------------------------

--
-- Cấu trúc bảng cho bảng `chi_tiet_dong_ho`
--

CREATE TABLE `chi_tiet_dong_ho` (
  `id` int(11) NOT NULL,
  `hoa_don_id` int(11) NOT NULL,
  `dong_ho_id` int(11) NOT NULL,
  `dich_vu_id` int(11) NOT NULL,
  `chi_so_cu` decimal(12,2) NOT NULL,
  `chi_so_moi` decimal(12,2) NOT NULL,
  `san_luong` decimal(12,2) NOT NULL,
  `don_gia` decimal(12,2) NOT NULL,
  `thanh_tien` decimal(12,2) NOT NULL
) ENGINE=InnoDB DEFAULT CHARSET=utf8mb4 COLLATE=utf8mb4_general_ci;

--
-- Đang đổ dữ liệu cho bảng `chi_tiet_dong_ho`
--

INSERT INTO `chi_tiet_dong_ho` (`id`, `hoa_don_id`, `dong_ho_id`, `dich_vu_id`, `chi_so_cu`, `chi_so_moi`, `san_luong`, `don_gia`, `thanh_tien`) VALUES
(1, 1, 1, 1, 100.00, 150.00, 50.00, 3500.00, 175000.00),
(2, 1, 2, 2, 50.00, 70.00, 20.00, 15000.00, 300000.00),
(3, 2, 1, 1, 150.00, 180.00, 30.00, 3500.00, 105000.00),
(4, 3, 4, 1, 120.00, 150.00, 30.00, 3500.00, 105000.00),
(5, 3, 5, 2, 80.00, 100.00, 20.00, 15000.00, 300000.00),
(69, 156, 3, 1, 200.00, 200.00, 0.00, 3500.00, 0.00),
(72, 159, 2, 2, 69.00, 70.00, 1.00, 15000.00, 15000.00),
(74, 161, 4, 1, 120.00, 120.00, 0.00, 3500.00, 0.00),
(75, 161, 5, 2, 80.00, 80.00, 0.00, 15000.00, 0.00),
(88, 169, 32, 1, 22.00, 67.00, 45.00, 3500.00, 157500.00),
(91, 172, 30, 1, 0.00, 24.00, 24.00, 3500.00, 84000.00),
(92, 172, 31, 2, 0.00, 35.00, 35.00, 15000.00, 525000.00),
(98, 177, 48, 1, 0.00, 24.00, 24.00, 3500.00, 84000.00),
(99, 177, 49, 2, 0.00, 22.00, 22.00, 15000.00, 330000.00),
(121, 193, 50, 1, 0.00, 24.00, 24.00, 3500.00, 84000.00),
(122, 193, 51, 2, 0.00, 35.00, 35.00, 15000.00, 525000.00),
(146, 209, 4, 1, 120.00, 120.00, 0.00, 3500.00, 0.00),
(147, 209, 5, 2, 80.00, 80.00, 0.00, 15000.00, 0.00),
(148, 210, 3, 1, 155.00, 160.00, 5.00, 3500.00, 17500.00),
(149, 211, 14, 1, 33.00, 33.00, 0.00, 3500.00, 0.00),
(150, 211, 15, 2, 33.00, 33.00, 0.00, 15000.00, 0.00),
(151, 212, 6, 1, 11.00, 55.00, 44.00, 3500.00, 154000.00),
(152, 212, 7, 2, 22.00, 44.00, 22.00, 15000.00, 330000.00),
(153, 214, 8, 1, 22.00, 33.00, 11.00, 3500.00, 38500.00),
(154, 214, 9, 2, 11.00, 22.00, 11.00, 15000.00, 165000.00),
(155, 215, 26, 1, 0.00, 0.00, 0.00, 3500.00, 0.00),
(156, 215, 27, 2, 0.00, 0.00, 0.00, 15000.00, 0.00),
(157, 216, 28, 1, 0.00, 22.00, 22.00, 3500.00, 77000.00),
(158, 216, 29, 2, 0.00, 44.00, 44.00, 15000.00, 660000.00),
(159, 217, 34, 1, 31.00, 31.00, 0.00, 3500.00, 0.00),
(160, 217, 35, 2, 0.00, 0.00, 0.00, 15000.00, 0.00),
(161, 219, 48, 1, 0.00, 24.00, 24.00, 3500.00, 84000.00),
(162, 219, 49, 2, 0.00, 22.00, 22.00, 15000.00, 330000.00),
(163, 221, 38, 1, 0.00, 0.00, 0.00, 3500.00, 0.00),
(164, 221, 39, 2, 0.00, 0.00, 0.00, 15000.00, 0.00),
(165, 222, 50, 1, 0.00, 24.00, 24.00, 3500.00, 84000.00),
(166, 222, 51, 2, 0.00, 35.00, 35.00, 15000.00, 525000.00),
(167, 223, 40, 1, 0.00, 12.00, 12.00, 3500.00, 42000.00),
(168, 223, 41, 2, 0.00, 13.00, 13.00, 15000.00, 195000.00),
(169, 224, 52, 1, 0.00, 21.00, 21.00, 3500.00, 73500.00),
(170, 224, 53, 2, 0.00, 23.00, 23.00, 15000.00, 345000.00);

-- --------------------------------------------------------

--
-- Cấu trúc bảng cho bảng `chu_tro`
--

CREATE TABLE `chu_tro` (
  `id` int(11) NOT NULL,
  `dia_chi` varchar(255) NOT NULL,
  `bank_code` varchar(20) DEFAULT NULL,
  `account_no` varchar(30) DEFAULT NULL,
  `account_name` varchar(100) DEFAULT NULL
) ENGINE=InnoDB DEFAULT CHARSET=utf8mb4 COLLATE=utf8mb4_general_ci;

--
-- Đang đổ dữ liệu cho bảng `chu_tro`
--

INSERT INTO `chu_tro` (`id`, `dia_chi`, `bank_code`, `account_no`, `account_name`) VALUES
(2, '123 Đường Lê Lợi, Q1', 'MB', '16688668068', 'TRAN DUY BAO'),
(3, '456 Đường Trần Hưng Đạo, Q5', 'MB', '4309112005', 'TRAN THI CAM LY'),
(101, '12 Đường Hoa Lan, Quận Phú Nhuận', 'VCB', '101000000001', 'NGUYEN VAN HAI'),
(102, '23 Đường Lê Duẩn, Quận 1', 'ACB', '101000000002', 'TRAN HOANG DUY'),
(103, '45 Đường Ba Tháng Hai, Quận 10', 'MB', '101000000003', 'LE MINH TAM'),
(104, '67 Đường Phan Đình Phùng, Quận Phú Nhuận', 'TCB', '101000000004', 'PHAM QUOC BAO'),
(105, '89 Đường Nguyễn Thị Minh Khai, Quận 3', 'VPB', '101000000005', 'VO THANH PHONG');

-- --------------------------------------------------------

--
-- Cấu trúc bảng cho bảng `danh_gia`
--

CREATE TABLE `danh_gia` (
  `id` int(11) NOT NULL,
  `hop_dong_id` int(11) NOT NULL,
  `khach_thue_id` int(11) NOT NULL,
  `diem_so` tinyint(4) NOT NULL COMMENT '1..5',
  `binh_luan` text NOT NULL,
  `ngay_tao` datetime NOT NULL DEFAULT current_timestamp()
) ENGINE=InnoDB DEFAULT CHARSET=utf8mb4 COLLATE=utf8mb4_general_ci;

--
-- Đang đổ dữ liệu cho bảng `danh_gia`
--

INSERT INTO `danh_gia` (`id`, `hop_dong_id`, `khach_thue_id`, `diem_so`, `binh_luan`, `ngay_tao`) VALUES
(1, 1, 4, 5, 'Phòng đẹp, chủ trọ thân thiện.', '2025-10-11 11:36:01'),
(2, 2, 4, 4, 'Giá cả hợp lý.', '2025-10-11 11:36:01'),
(3, 3, 5, 5, 'Rất hài lòng.', '2025-10-11 11:36:01'),
(4, 4, 5, 3, 'Cần cải thiện vệ sinh.', '2025-10-11 11:36:01'),
(5, 5, 4, 4, 'View đẹp.', '2025-10-11 11:36:01');

-- --------------------------------------------------------

--
-- Cấu trúc bảng cho bảng `day_tro`
--

CREATE TABLE `day_tro` (
  `id` int(11) NOT NULL,
  `chu_tro_id` int(11) NOT NULL,
  `ten_day_tro` varchar(255) NOT NULL,
  `dia_chi` varchar(255) NOT NULL,
  `so_phong` int(11) DEFAULT NULL,
  `so_phong_trong` int(11) DEFAULT 0,
  `so_phong_da_thue` int(11) DEFAULT 0,
  `so_phong_bao_tri` int(11) DEFAULT 0,
  `dien_tich_tb` decimal(6,2) DEFAULT NULL,
  `gia_trung_binh` decimal(12,2) DEFAULT NULL,
  `mo_ta` text DEFAULT NULL,
  `tien_ich` text DEFAULT NULL,
  `ngay_tao` datetime NOT NULL DEFAULT current_timestamp(),
  `ngay_cap_nhat` datetime NOT NULL DEFAULT current_timestamp() ON UPDATE current_timestamp()
) ENGINE=InnoDB DEFAULT CHARSET=utf8mb4 COLLATE=utf8mb4_general_ci;

--
-- Đang đổ dữ liệu cho bảng `day_tro`
--

INSERT INTO `day_tro` (`id`, `chu_tro_id`, `ten_day_tro`, `dia_chi`, `so_phong`, `so_phong_trong`, `so_phong_da_thue`, `so_phong_bao_tri`, `dien_tich_tb`, `gia_trung_binh`, `mo_ta`, `tien_ich`, `ngay_tao`, `ngay_cap_nhat`) VALUES
(1, 2, 'Dãy A', 'Phường Sài Gòn', 3, 0, 2, 0, 15.00, 3500000.00, 'Phòng rộng thoáng mát', 'Wifi, ban công', '2025-10-11 11:36:01', '2025-11-25 17:19:28'),
(2, 2, 'Dãy B', 'Phường Tân Định', 4, 1, 1, 0, 13.00, 3100000.00, 'Phòng thoáng mát có thể chứa nhiều đồ', 'wifi, chỗ đậu xe, ban công', '2025-10-11 11:36:01', '2025-12-23 14:04:45'),
(3, 3, 'Dãy C', 'Phường Bến Thành', 5, 1, 1, 0, 16.00, 3400000.00, 'Phòng rộng có thể 3 người ở', 'wifi, rác, máy giặt', '2025-10-11 11:36:01', '2025-11-30 10:51:50'),
(4, 3, 'Dãy D', 'Phường Cầu Ông Lãnh', 2, 0, 1, 0, 20.00, 4000000.00, 'Phòng có sức chứa 3 người và nhiều đồ', 'full tiện ích', '2025-10-11 11:36:01', '2025-11-25 17:19:28'),
(5, 2, 'Dãy E', 'Phường Bàn Cờ', 9, 1, 3, 0, 19.00, 4000000.00, 'Phòng gần cơ sở, chợ, trường, rộng thoáng mát', 'full tiện ích', '2025-10-11 11:36:01', '2025-12-25 20:00:12'),
(6, 101, 'Dãy A', 'Phường Xuân Hòa', 18, 5, 13, 0, 14.00, 3200000.00, 'Dãy trọ sạch sẽ, an ninh.', 'Wifi, camera, giữ xe', '2025-11-17 05:40:15', '2025-12-24 15:05:36'),
(7, 101, 'Dãy B', 'Phường Nhiêu Lộc', 21, 6, 15, 0, 16.00, 3500000.00, 'Gần đường lớn, tiện đi lại.', 'Wifi, sân phơi, bếp chung', '2025-11-17 05:40:15', '2025-12-24 15:11:32'),
(8, 101, 'Dãy C', 'Phường Xóm Chiếu', 14, 4, 10, 0, 13.00, 3000000.00, 'Khu trung tâm, tiện ích đầy đủ.', 'Wifi, camera', '2025-11-17 05:40:15', '2025-11-25 17:19:28'),
(9, 101, 'Dãy D', 'Phường Khánh Hội', 22, 7, 15, 0, 18.00, 3800000.00, 'Phòng có cửa sổ thoáng.', 'Wifi, máy giặt dùng chung', '2025-11-17 05:40:15', '2025-11-25 17:19:28'),
(10, 101, 'Dãy E', 'Phường Vĩnh Hội', 16, 5, 11, 0, 15.00, 3300000.00, 'Khu dân cư yên tĩnh.', 'Wifi, bãi xe', '2025-11-17 05:40:15', '2025-11-25 17:19:28'),
(11, 102, 'Dãy A', 'Phường Chợ Quán', 12, 4, 8, 0, 12.00, 2800000.00, 'Phòng rẻ, phù hợp sinh viên.', 'Wifi', '2025-11-17 05:40:15', '2025-11-25 17:19:28'),
(12, 102, 'Dãy B', 'Phường An Đông', 18, 6, 12, 0, 17.00, 3600000.00, 'Có gác, phòng rộng.', 'Wifi, bãi xe', '2025-11-17 05:40:15', '2025-11-25 17:19:28'),
(13, 102, 'Dãy C', 'Phường Chợ Lớn', 13, 4, 9, 0, 13.00, 3100000.00, 'Gần chợ, thuận tiện.', 'Wifi, camera', '2025-11-17 05:40:15', '2025-11-25 17:19:28'),
(14, 102, 'Dãy D', 'Phường Bình Tây', 20, 6, 14, 0, 16.50, 3400000.00, 'Phòng mới xây đẹp.', 'Wifi, máy giặt', '2025-11-17 05:40:15', '2025-11-25 17:19:28'),
(15, 102, 'Dãy E', 'Phường Bình Tiên', 16, 5, 11, 0, 15.00, 3300000.00, 'Khu vực an ninh.', 'Wifi', '2025-11-17 05:40:15', '2025-11-25 17:19:28'),
(16, 103, 'Dãy A', 'Phường Bình Phú', 15, 4, 11, 0, 14.00, 3000000.00, 'Yên tĩnh, sạch đẹp.', 'Wifi', '2025-11-17 05:40:15', '2025-11-25 17:19:28'),
(17, 103, 'Dãy B', 'Phường Phú Lâm', 19, 6, 13, 0, 16.00, 3200000.00, 'Có gác lửng.', 'Wifi, máy giặt', '2025-11-17 05:40:15', '2025-11-25 17:19:28'),
(18, 103, 'Dãy C', 'Phường Tân Thuận', 22, 8, 14, 0, 18.00, 3700000.00, 'Nhà mới xây.', 'Wifi, camera', '2025-11-17 05:40:15', '2025-11-25 17:19:28'),
(19, 103, 'Dãy D', 'Phường Phú Thuận', 12, 3, 9, 0, 12.00, 2900000.00, 'Gần trường học.', 'Wifi', '2025-11-17 05:40:15', '2025-11-25 17:19:29'),
(20, 103, 'Dãy E', 'Phường Tân Mỹ', 14, 5, 9, 0, 13.50, 3100000.00, 'Khu dân cư.', 'Wifi, sân phơi', '2025-11-17 05:40:15', '2025-11-25 17:19:29'),
(21, 103, 'Dãy F', 'Phường Tân Hưng', 17, 5, 12, 0, 14.00, 3500000.00, 'Gần trung tâm.', 'Wifi, máy giặt', '2025-11-17 05:40:15', '2025-11-25 17:19:29'),
(22, 103, 'Dãy G', 'Phường Chánh Hưng', 21, 7, 14, 0, 16.00, 3600000.00, 'Nhà lớn, lối đi rộng.', 'Wifi, camera', '2025-11-17 05:40:15', '2025-11-25 17:19:29'),
(23, 104, 'Dãy A', 'Phường Phú Định', 16, 5, 11, 0, 15.00, 3200000.00, 'Phòng rộng.', 'Wifi', '2025-11-17 05:40:15', '2025-11-25 17:19:29'),
(24, 104, 'Dãy B', 'Phường Bình Đông', 20, 6, 14, 0, 17.00, 3300000.00, 'Gần bến xe.', 'Wifi, máy giặt', '2025-11-17 05:40:15', '2025-11-25 17:19:29'),
(25, 104, 'Dãy C', 'Phường Diên Hồng', 12, 4, 8, 0, 12.00, 2500000.00, 'Không gian thoáng mát.', 'Wifi', '2025-11-17 05:40:15', '2025-11-25 17:19:29'),
(26, 104, 'Dãy D', 'Phường Vườn Lài', 13, 4, 9, 0, 13.00, 2600000.00, 'An ninh tốt.', 'Wifi', '2025-11-17 05:40:15', '2025-11-25 18:01:22'),
(27, 104, 'Dãy E', 'Phường Hòa Hưng', 18, 5, 13, 0, 16.00, 3000000.00, 'Gần siêu thị.', 'Wifi, camera', '2025-11-17 05:40:15', '2025-11-25 18:03:04'),
(28, 104, 'Dãy F', 'Phường Minh Phụng', 15, 5, 10, 0, 14.00, 2800000.00, 'Không gian yên tĩnh.', 'Wifi', '2025-11-17 05:40:15', '2025-12-25 07:46:13'),
(29, 105, 'Dãy A', 'Phường Bình Thới', 14, 4, 10, 0, 14.00, 3100000.00, 'Dãy trọ nhỏ gọn.', 'Wifi', '2025-11-17 05:40:15', '2025-11-25 18:03:04'),
(30, 105, 'Dãy B', 'Phường Hòa Bình', 17, 5, 12, 0, 16.00, 3500000.00, 'Phòng đẹp.', 'Wifi, camera', '2025-11-17 05:40:15', '2025-11-25 18:03:04'),
(31, 105, 'Dãy C', 'Phường Phú Thọ', 18, 5, 13, 0, 17.00, 3600000.00, 'Gần trung tâm.', 'Wifi', '2025-11-17 05:40:15', '2025-11-25 18:03:04'),
(32, 105, 'Dãy D', 'Phường Đông Hưng Thuận', 14, 3, 11, 0, 15.00, 3300000.00, 'Nhà mới.', 'Wifi, máy giặt', '2025-11-17 05:40:15', '2025-11-25 18:03:04'),
(33, 105, 'Dãy E', 'Phường Trung Mỹ Tây', 11, 2, 9, 0, 13.00, 2900000.00, 'Giá tốt.', 'Wifi', '2025-11-17 05:40:15', '2025-11-25 18:03:04'),
(34, 105, 'Dãy F', 'Phường Tân Thới Hiệp', 19, 5, 14, 0, 17.50, 3400000.00, 'Nhiều tiện ích.', 'Wifi, camera', '2025-11-17 05:40:15', '2025-11-25 18:03:04'),
(35, 105, 'Dãy G', 'Phường Thới An', 21, 6, 15, 0, 18.00, 3800000.00, 'Gần mall.', 'Wifi, máy giặt', '2025-11-17 05:40:15', '2025-12-25 07:55:17'),
(36, 2, 'Dãy K', 'Phường Tân Phú', 4, 3, 1, 0, 30.00, 40000.00, 'dãy trọ bự', 'wifi, ban cong, may giat', '2025-12-23 11:14:16', '2025-12-24 14:44:54'),
(37, 2, 'Dãy F', 'Phường An Đông', 23, 0, 1, 0, 50.00, 35000.00, 'gần các khu công nghiệp, chợ, khu mua sắm', 'wifi, ban cong, may giat', '2025-12-23 12:08:44', '2025-12-23 19:03:35'),
(38, 2, 'X', 'Phường An Lạc', 45, 0, 1, 0, 66.00, 300000.00, 'Gan moi cho', 'Day du noi that', '2025-12-24 15:14:23', '2025-12-24 15:17:39'),
(39, 2, 'Dãy M', 'Phường Bình Chiểu', 16, 0, 3, 0, 34.00, 31000.00, 'Chao moi nguoi', 'Day du noi that', '2025-12-24 15:21:36', '2025-12-24 17:03:19'),
(40, 2, 'Dãy CC', 'Phường Diên Hồng', 315, 0, 2, 0, NULL, 67000.00, 'khong co gi', 'Day du noi that', '2025-12-24 15:32:53', '2025-12-25 11:51:58'),
(41, 2, 'Day P', 'Phường Bình Tây', 68, 0, 3, 0, 54.00, 64000.00, 'day tro cao cap', 'Day du noi that', '2025-12-25 06:56:54', '2025-12-26 06:04:01'),
(42, 101, 'Dãy J', 'Phường An Phú Đông', 35, 1, 0, 0, 45.00, 54000.00, 'tro moi', 'Day du noi that', '2025-12-25 07:43:38', '2025-12-25 07:43:59'),
(43, 2, 'BTC', 'Phường Nhiêu Lộc', 32, 0, 1, 0, 35.00, 56000.00, 'gan trung tam', 'Day du noi that', '2025-12-25 21:33:08', '2025-12-25 21:39:20'),
(44, 2, 'J97', 'Phường Bàn Cờ', 32, 0, 1, 0, 25.00, 64000.00, 'Gan khu trung tam', 'Day du tien nghi', '2025-12-26 07:49:50', '2025-12-26 07:53:51');

-- --------------------------------------------------------

--
-- Cấu trúc bảng cho bảng `dia_chi`
--

CREATE TABLE `dia_chi` (
  `id` int(11) NOT NULL,
  `ten_dia_chi` varchar(255) NOT NULL
) ENGINE=InnoDB DEFAULT CHARSET=utf8mb4 COLLATE=utf8mb4_general_ci;

--
-- Đang đổ dữ liệu cho bảng `dia_chi`
--

INSERT INTO `dia_chi` (`id`, `ten_dia_chi`) VALUES
(1, 'Phường Sài Gòn'),
(2, 'Phường Tân Định'),
(3, 'Phường Bến Thành'),
(4, 'Phường Cầu Ông Lãnh'),
(5, 'Phường Bàn Cờ'),
(6, 'Phường Xuân Hòa'),
(7, 'Phường Nhiêu Lộc'),
(8, 'Phường Xóm Chiếu'),
(9, 'Phường Khánh Hội'),
(10, 'Phường Vĩnh Hội'),
(11, 'Phường Chợ Quán'),
(12, 'Phường An Đông'),
(13, 'Phường Chợ Lớn'),
(14, 'Phường Bình Tây'),
(15, 'Phường Bình Tiên'),
(16, 'Phường Bình Phú'),
(17, 'Phường Phú Lâm'),
(18, 'Phường Tân Thuận'),
(19, 'Phường Phú Thuận'),
(20, 'Phường Tân Mỹ'),
(21, 'Phường Tân Hưng'),
(22, 'Phường Chánh Hưng'),
(23, 'Phường Phú Định'),
(24, 'Phường Bình Đông'),
(25, 'Phường Diên Hồng'),
(26, 'Phường Vượt Lài'),
(27, 'Phường Hòa Hưng'),
(28, 'Phường Minh Phụng'),
(29, 'Phường Bình Thới'),
(30, 'Phường Hòa Bình'),
(31, 'Phường Phú Thọ'),
(32, 'Phường Đông Hưng Thuận'),
(33, 'Phường Trung Mỹ Tây'),
(34, 'Phường Tân Thới Hiệp'),
(35, 'Phường Thới An'),
(36, 'Phường An Phú Đông'),
(37, 'Phường Đông Hưng Thuận'),
(38, 'Phường Bình Tân'),
(39, 'Phường Tân Tạo'),
(40, 'Phường Bình Trị Đông'),
(41, 'Phường Tân Tạo A'),
(42, 'Phường Bình Trị Đông A'),
(43, 'Phường Bình Trị Đông B'),
(44, 'Phường An Lạc'),
(45, 'Phường An Lạc A'),
(46, 'Phường Bình Hưng Hòa'),
(47, 'Phường Bình Hưng Hòa A'),
(48, 'Phường Bình Hưng Hòa B'),
(49, 'Phường Tân Thới Nhất'),
(50, 'Phường Tân Chánh Hiệp'),
(51, 'Phường Hiệp Thành'),
(52, 'Phường Thới An'),
(53, 'Phường Trung Mỹ Tây'),
(54, 'Phường Tân Hưng Thuận'),
(55, 'Phường Đông Hưng Thuận'),
(56, 'Phường Tân Bình'),
(57, 'Phường Tây Thạnh'),
(58, 'Phường Sơn Kỳ'),
(59, 'Phường Tân Sơn Nhì'),
(60, 'Phường Tân Thành'),
(61, 'Phường Phú Thọ Hòa'),
(62, 'Phường Phú Trung'),
(63, 'Phường Hòa Thạnh'),
(64, 'Phường Hiệp Tân'),
(65, 'Phường Tân Quý'),
(66, 'Phường Tân Thới Hòa'),
(67, 'Phường Phú Thạnh'),
(68, 'Phường Tây Thạnh'),
(69, 'Phường Tân Quý Đông'),
(70, 'Phường Long Phước'),
(71, 'Phường Phú Hữu'),
(72, 'Phường Long Trường'),
(73, 'Phường Trường Thạnh'),
(74, 'Phường Tăng Nhơn Phú A'),
(75, 'Phường Tăng Nhơn Phú B'),
(76, 'Phường Phước Long A'),
(77, 'Phường Phước Long B'),
(78, 'Phường Hiệp Phú'),
(79, 'Phường Long Thạnh Mỹ'),
(80, 'Phường Long Bình'),
(81, 'Phường Tân Phú'),
(82, 'Phường Trường Thọ'),
(83, 'Phường Bình Chiểu'),
(84, 'Phường Linh Trung'),
(85, 'Phường Linh Tây'),
(86, 'Phường Linh Xuân'),
(87, 'Phường Tam Bình'),
(88, 'Phường Tam Phú'),
(89, 'Phường Hiệp Bình Phước'),
(90, 'Phường Hiệp Bình Chánh'),
(91, 'Phường Trường Thọ'),
(92, 'Phường Tam Phú'),
(93, 'Phường Trường Thạnh'),
(94, 'Phường Thạnh Xuân'),
(95, 'Phường Thạnh Lộc'),
(96, 'Phường Hiệp Thành'),
(97, 'Phường Tân Thới Hiệp'),
(98, 'Phường Tân Chánh Hiệp'),
(99, 'Phường Thới An'),
(100, 'Phường Trung Mỹ Tây'),
(101, 'Phường Đông Hưng Thuận'),
(102, 'Phường Tân Hưng Thuận'),
(103, 'Phường An Phú Đông'),
(104, 'Phường Thanh Xuân'),
(105, 'Phường Sơn Kỳ'),
(106, 'Xã Bình Chánh'),
(107, 'Xã Hưng Long'),
(108, 'Xã Lê Minh Xuân'),
(109, 'Xã Bình Lợi'),
(110, 'Xã Đa Phước'),
(111, 'Xã Quy Đức'),
(112, 'Xã An Phú Tây'),
(113, 'Xã An Nhơn Tây'),
(114, 'Xã Phước Hiệp'),
(115, 'Xã Phước Thạnh'),
(116, 'Xã Long Phước'),
(117, 'Xã Long Thạnh Mỹ'),
(118, 'Xã Long Bình'),
(119, 'Xã Phạm Văn Cội'),
(120, 'Xã Phú Hòa Đông'),
(121, 'Xã Trung An'),
(122, 'Xã Hòa Phú'),
(123, 'Xã Tân Thạnh Đông'),
(124, 'Xã Tân Thạnh Tây'),
(125, 'Xã Trung Lập Thượng'),
(126, 'Xã Trung Lập Hạ'),
(127, 'Xã Nhuận Đức'),
(128, 'Xã Phú Mỹ Hưng'),
(129, 'Xã Phú Hòa Đông'),
(130, 'Xã Tân An Hội'),
(131, 'Xã Tân Phú Trung'),
(132, 'Xã Phước Vĩnh An'),
(133, 'Xã Tân Thông Hội'),
(134, 'Xã Tân Lập'),
(135, 'Xã Phú An'),
(136, 'Xã Bạch Đằng'),
(137, 'Xã Long Nguyên'),
(138, 'Xã An Điền'),
(139, 'Xã An Tây'),
(140, 'Xã Phú Tân'),
(141, 'Xã Long Tân'),
(142, 'Xã Long Hòa'),
(143, 'Xã Minh Thành'),
(144, 'Xã Minh Thạnh'),
(145, 'Xã Định Hiệp'),
(146, 'Xã Định Thành'),
(147, 'Xã Định An'),
(148, 'Xã Thanh Tuyền'),
(149, 'Xã An Lập'),
(150, 'Xã Minh Hòa'),
(151, 'Xã Dầu Tiếng'),
(152, 'Xã Phước Tân'),
(153, 'Xã Phước Thuận'),
(154, 'Xã Hòa Hội'),
(155, 'Xã Hòa Bình'),
(156, 'Xã Hòa Hưng'),
(157, 'Xã Bưng Riềng'),
(158, 'Xã Xuyên Mộc'),
(159, 'Xã Bình Châu'),
(160, 'Xã Hồ Tràm'),
(161, 'Xã Bàu Lâm'),
(162, 'Xã Suối Rao'),
(163, 'Xã Sơn Bình'),
(164, 'Xã Xuân Sơn'),
(165, 'Đặc khu Côn Đảo'),
(166, 'Xã Long Sơn'),
(167, 'Xã Thạnh An'),
(168, 'Phường Thới Hòa');

-- --------------------------------------------------------

--
-- Cấu trúc bảng cho bảng `dich_vu`
--

CREATE TABLE `dich_vu` (
  `id` int(11) NOT NULL,
  `chu_tro_id` int(11) NOT NULL,
  `ma` varchar(50) NOT NULL,
  `ten` varchar(255) NOT NULL,
  `don_vi` varchar(50) NOT NULL,
  `don_gia` decimal(12,2) NOT NULL,
  `co_dong_ho` tinyint(4) NOT NULL DEFAULT 0,
  `ngay_tao` datetime NOT NULL DEFAULT current_timestamp(),
  `ngay_cap_nhat` datetime NOT NULL DEFAULT current_timestamp() ON UPDATE current_timestamp()
) ENGINE=InnoDB DEFAULT CHARSET=utf8mb4 COLLATE=utf8mb4_general_ci;

--
-- Đang đổ dữ liệu cho bảng `dich_vu`
--

INSERT INTO `dich_vu` (`id`, `chu_tro_id`, `ma`, `ten`, `don_vi`, `don_gia`, `co_dong_ho`, `ngay_tao`, `ngay_cap_nhat`) VALUES
(1, 2, 'DV001', 'Điện', 'kWh', 3500.00, 1, '2025-10-11 11:36:01', '2025-10-26 12:02:44'),
(2, 2, 'DV002', 'Nước', 'm3', 15000.00, 1, '2025-10-11 11:36:01', '2025-10-26 12:02:49'),
(3, 2, 'DV003', 'Rác', 'tháng', 50000.00, 0, '2025-10-11 11:36:01', '2025-10-26 12:02:52'),
(4, 3, 'DV004', 'Internet', 'tháng', 100000.00, 0, '2025-10-11 11:36:01', '2025-10-26 12:02:55'),
(5, 3, 'DV005', 'Giữ xe', 'tháng', 150000.00, 0, '2025-10-11 11:36:01', '2025-10-26 12:02:57'),
(22, 2, 'DV022', 'Xe', 'tháng', 25000.00, 0, '2025-10-26 12:03:23', '2025-10-26 12:03:23'),
(23, 2, 'DV023', 'Giữ xe', 'tháng', 80000.00, 0, '2025-10-26 12:14:02', '2025-12-25 13:03:28'),
(24, 2, 'DV024', 'Máy giặt', 'tháng', 20000.00, 0, '2025-10-26 12:24:47', '2025-12-25 12:52:51'),
(25, 2, 'DV025', 'wifi', 'tháng', 65000.00, 0, '2025-12-25 13:00:30', '2025-12-25 13:00:30');

-- --------------------------------------------------------

--
-- Cấu trúc bảng cho bảng `dich_vu_dinh_ky`
--

CREATE TABLE `dich_vu_dinh_ky` (
  `id` int(11) NOT NULL,
  `phong_id` int(11) NOT NULL,
  `dich_vu_id` int(11) NOT NULL,
  `don_gia` decimal(12,2) NOT NULL,
  `so_luong` decimal(10,2) NOT NULL DEFAULT 1.00,
  `ngay_tao` datetime NOT NULL DEFAULT current_timestamp(),
  `ngay_cap_nhat` datetime NOT NULL DEFAULT current_timestamp() ON UPDATE current_timestamp()
) ENGINE=InnoDB DEFAULT CHARSET=utf8mb4 COLLATE=utf8mb4_general_ci;

--
-- Đang đổ dữ liệu cho bảng `dich_vu_dinh_ky`
--

INSERT INTO `dich_vu_dinh_ky` (`id`, `phong_id`, `dich_vu_id`, `don_gia`, `so_luong`, `ngay_tao`, `ngay_cap_nhat`) VALUES
(2, 1, 4, 100000.00, 1.00, '2025-10-11 11:36:01', '2025-10-11 11:36:01'),
(3, 2, 3, 50000.00, 1.00, '2025-10-11 11:36:01', '2025-10-22 08:28:48'),
(4, 3, 4, 100000.00, 1.00, '2025-10-11 11:36:01', '2025-10-11 11:36:01'),
(5, 3, 5, 150000.00, 1.00, '2025-10-11 11:36:01', '2025-10-11 11:36:01'),
(12, 2, 1, 3500.00, 1.00, '2025-10-22 15:28:48', '2025-12-23 10:48:04'),
(13, 2, 2, 15000.00, 1.00, '2025-10-22 15:28:48', '2025-12-23 10:48:04'),
(14, 11, 2, 15000.00, 1.00, '2025-10-22 22:22:35', '2025-12-23 10:48:04'),
(15, 11, 3, 50000.00, 1.00, '2025-10-22 22:22:35', '2025-12-23 10:48:04'),
(16, 11, 4, 100000.00, 1.00, '2025-10-22 22:22:35', '2025-12-23 10:48:04'),
(18, 1, 5, 50000.00, 1.00, '2025-10-26 12:54:41', '2025-10-26 12:54:41'),
(19, 1, 3, 2500000.00, 1.00, '2025-10-26 12:55:00', '2025-10-26 12:55:00'),
(20, 63, 1, 3500.00, 1.00, '2025-11-19 20:25:09', '2025-12-23 10:48:04'),
(21, 63, 2, 15000.00, 1.00, '2025-11-19 20:25:09', '2025-12-23 10:48:04'),
(22, 63, 3, 50000.00, 1.00, '2025-11-19 20:25:09', '2025-12-24 14:30:47'),
(23, 63, 23, 80000.00, 1.00, '2025-11-19 20:25:09', '2025-12-23 10:48:04'),
(24, 64, 1, 3500.00, 1.00, '2025-12-02 13:51:32', '2025-12-23 10:48:04'),
(25, 64, 2, 15000.00, 1.00, '2025-12-02 13:51:32', '2025-12-23 10:48:04'),
(26, 64, 23, 80000.00, 1.00, '2025-12-02 13:51:32', '2025-12-23 10:48:04'),
(27, 12, 1, 3500.00, 1.00, '2025-12-22 15:04:32', '2025-12-23 13:46:33'),
(28, 12, 2, 15000.00, 1.00, '2025-12-22 15:04:32', '2025-12-23 13:46:33'),
(29, 12, 3, 50000.00, 1.00, '2025-12-22 15:04:32', '2025-12-23 13:46:33'),
(30, 11, 5, 150000.00, 1.00, '2025-12-23 10:36:32', '2025-12-23 10:48:04'),
(31, 65, 23, 20000.00, 1.00, '2025-12-23 11:15:43', '2025-12-23 11:15:43'),
(32, 6, 1, 20000.00, 1.00, '2025-12-23 11:17:01', '2025-12-23 11:17:01'),
(33, 65, 1, 3500.00, 1.00, '2025-12-23 11:17:58', '2025-12-23 11:28:56'),
(34, 65, 2, 15000.00, 1.00, '2025-12-23 11:17:58', '2025-12-23 11:28:56'),
(35, 65, 3, 50000.00, 1.00, '2025-12-23 11:17:58', '2025-12-23 11:17:58'),
(36, 65, 22, 25000.00, 1.00, '2025-12-23 11:17:58', '2025-12-23 11:28:56'),
(37, 65, 5, 150000.00, 1.00, '2025-12-23 11:28:56', '2025-12-23 11:28:56'),
(38, 67, 1, 3500.00, 1.00, '2025-12-23 13:40:11', '2025-12-23 13:40:11'),
(39, 67, 2, 15000.00, 1.00, '2025-12-23 13:40:11', '2025-12-23 13:40:11'),
(41, 12, 22, 25000.00, 1.00, '2025-12-23 13:46:33', '2025-12-23 13:46:33'),
(42, 69, 1, 3500.00, 1.00, '2025-12-23 14:10:28', '2025-12-23 14:10:28'),
(43, 69, 2, 15000.00, 1.00, '2025-12-23 14:10:28', '2025-12-23 14:10:28'),
(44, 69, 3, 50000.00, 1.00, '2025-12-23 14:10:28', '2025-12-24 14:29:02'),
(45, 69, 4, 100000.00, 1.00, '2025-12-23 14:10:28', '2025-12-24 14:29:02'),
(46, 69, 23, 80000.00, 1.00, '2025-12-23 14:10:28', '2025-12-23 14:10:28'),
(47, 69, 24, 80000.00, 1.00, '2025-12-23 14:10:28', '2025-12-23 14:10:28'),
(48, 70, 1, 3500.00, 1.00, '2025-12-23 14:30:24', '2025-12-23 14:45:32'),
(49, 70, 2, 15000.00, 1.00, '2025-12-23 14:30:24', '2025-12-23 14:45:32'),
(50, 70, 5, 150000.00, 1.00, '2025-12-23 14:30:24', '2025-12-23 14:30:24'),
(51, 70, 22, 25000.00, 1.00, '2025-12-23 14:30:24', '2025-12-24 14:43:01'),
(52, 70, 3, 50000.00, 1.00, '2025-12-23 14:45:32', '2025-12-24 14:43:01'),
(53, 66, 3, 50000.00, 1.00, '2025-12-23 16:21:35', '2025-12-23 16:21:35'),
(54, 66, 4, 100000.00, 1.00, '2025-12-23 16:21:35', '2025-12-23 16:21:35'),
(55, 66, 5, 150000.00, 1.00, '2025-12-23 16:21:35', '2025-12-23 16:21:35'),
(56, 66, 22, 25000.00, 1.00, '2025-12-23 16:21:35', '2025-12-23 16:21:35'),
(57, 13, 3, 50000.00, 1.00, '2025-12-24 14:06:54', '2025-12-24 14:06:54'),
(58, 13, 4, 100000.00, 1.00, '2025-12-24 14:06:54', '2025-12-24 14:06:54'),
(59, 13, 22, 25000.00, 1.00, '2025-12-24 14:06:54', '2025-12-24 14:06:54'),
(60, 69, 22, 25000.00, 1.00, '2025-12-24 14:29:02', '2025-12-24 14:29:02'),
(61, 63, 4, 100000.00, 1.00, '2025-12-24 14:30:47', '2025-12-24 14:30:47'),
(62, 63, 22, 25000.00, 1.00, '2025-12-24 14:30:47', '2025-12-24 14:30:47'),
(63, 70, 4, 100000.00, 1.00, '2025-12-24 14:43:01', '2025-12-24 14:43:01'),
(64, 71, 3, 50000.00, 1.00, '2025-12-24 14:55:45', '2025-12-24 14:55:45'),
(65, 71, 4, 100000.00, 1.00, '2025-12-24 14:55:45', '2025-12-24 14:55:45'),
(66, 71, 22, 25000.00, 1.00, '2025-12-24 14:55:45', '2025-12-24 14:55:45'),
(67, 72, 3, 50000.00, 1.00, '2025-12-24 15:09:22', '2025-12-24 15:09:22'),
(68, 72, 5, 150000.00, 1.00, '2025-12-24 15:09:22', '2025-12-24 15:09:22'),
(69, 72, 22, 25000.00, 1.00, '2025-12-24 15:09:22', '2025-12-24 15:09:22'),
(70, 73, 3, 50000.00, 1.00, '2025-12-24 15:15:44', '2025-12-24 15:15:44'),
(71, 73, 4, 100000.00, 1.00, '2025-12-24 15:15:44', '2025-12-24 15:15:44'),
(72, 73, 22, 25000.00, 1.00, '2025-12-24 15:15:44', '2025-12-24 15:15:44'),
(73, 74, 3, 50000.00, 1.00, '2025-12-24 15:23:41', '2025-12-24 15:23:41'),
(74, 74, 5, 150000.00, 1.00, '2025-12-24 15:23:41', '2025-12-24 15:23:41'),
(75, 75, 3, 50000.00, 1.00, '2025-12-24 15:32:09', '2025-12-24 15:32:09'),
(76, 75, 22, 25000.00, 1.00, '2025-12-24 15:32:09', '2025-12-24 15:32:09'),
(77, 76, 3, 50000.00, 1.00, '2025-12-24 15:33:29', '2025-12-24 15:33:29'),
(78, 76, 5, 150000.00, 1.00, '2025-12-24 15:33:29', '2025-12-24 15:33:29'),
(79, 77, 3, 50000.00, 1.00, '2025-12-24 16:55:02', '2025-12-24 16:55:02'),
(80, 77, 4, 100000.00, 1.00, '2025-12-24 16:55:02', '2025-12-24 16:55:02'),
(81, 77, 22, 25000.00, 1.00, '2025-12-24 16:55:02', '2025-12-24 16:55:02'),
(82, 78, 3, 50000.00, 1.00, '2025-12-25 06:58:53', '2025-12-25 06:58:53'),
(83, 78, 22, 25000.00, 1.00, '2025-12-25 06:58:53', '2025-12-25 06:58:53'),
(84, 82, 4, 100000.00, 1.00, '2025-12-25 07:50:00', '2025-12-25 07:50:00'),
(85, 82, 22, 25000.00, 1.00, '2025-12-25 07:50:00', '2025-12-25 07:50:00'),
(86, 83, 4, 100000.00, 1.00, '2025-12-25 07:53:30', '2025-12-25 07:53:30'),
(87, 83, 22, 25000.00, 1.00, '2025-12-25 07:53:30', '2025-12-25 07:53:30'),
(88, 84, 3, 50000.00, 1.00, '2025-12-25 10:36:52', '2025-12-25 11:49:33'),
(89, 84, 4, 100000.00, 1.00, '2025-12-25 10:36:52', '2025-12-25 10:36:52'),
(90, 84, 22, 25000.00, 1.00, '2025-12-25 10:36:52', '2025-12-25 11:49:33'),
(91, 6, 3, 50000.00, 1.00, '2025-12-25 10:38:13', '2025-12-25 17:17:04'),
(92, 6, 4, 100000.00, 1.00, '2025-12-25 10:38:13', '2025-12-25 17:17:04'),
(94, 80, 3, 50000.00, 1.00, '2025-12-25 10:44:53', '2025-12-26 06:01:12'),
(95, 80, 4, 100000.00, 1.00, '2025-12-25 10:44:53', '2025-12-26 06:01:12'),
(96, 80, 22, 25000.00, 1.00, '2025-12-25 10:44:53', '2025-12-26 06:01:12'),
(97, 6, 23, 80000.00, 1.00, '2025-12-25 12:53:24', '2025-12-25 12:53:24'),
(98, 6, 24, 20000.00, 1.00, '2025-12-25 12:53:24', '2025-12-25 17:17:04'),
(99, 80, 23, 80000.00, 1.00, '2025-12-25 12:54:10', '2025-12-25 12:54:10'),
(100, 80, 24, 20000.00, 1.00, '2025-12-25 12:54:10', '2025-12-25 12:54:10'),
(101, 79, 3, 50000.00, 1.00, '2025-12-25 13:15:06', '2025-12-25 20:04:38'),
(102, 79, 22, 25000.00, 1.00, '2025-12-25 13:15:06', '2025-12-25 20:04:38'),
(103, 79, 24, 20000.00, 1.00, '2025-12-25 13:15:06', '2025-12-25 17:05:56'),
(104, 79, 4, 100000.00, 1.00, '2025-12-25 16:49:40', '2025-12-25 20:04:38'),
(105, 6, 22, 25000.00, 2.00, '2025-12-25 20:01:59', '2025-12-25 20:01:59'),
(106, 79, 1, 3500.00, 1.00, '2025-12-25 20:04:38', '2025-12-25 20:04:38'),
(107, 79, 2, 15000.00, 1.00, '2025-12-25 20:04:38', '2025-12-25 20:04:38'),
(108, 85, 1, 3500.00, 1.00, '2025-12-25 21:34:05', '2025-12-25 21:34:05'),
(109, 85, 2, 15000.00, 1.00, '2025-12-25 21:34:05', '2025-12-25 21:34:05'),
(110, 85, 3, 50000.00, 1.00, '2025-12-25 21:34:05', '2025-12-25 21:34:05'),
(111, 85, 4, 100000.00, 1.00, '2025-12-25 21:34:05', '2025-12-25 21:34:05'),
(112, 85, 22, 25000.00, 1.00, '2025-12-25 21:34:05', '2025-12-25 21:34:05'),
(113, 85, 24, 20000.00, 1.00, '2025-12-25 21:34:05', '2025-12-25 21:34:05'),
(114, 80, 1, 3500.00, 1.00, '2025-12-26 06:01:12', '2025-12-26 06:01:12'),
(115, 80, 2, 15000.00, 1.00, '2025-12-26 06:01:12', '2025-12-26 06:01:12'),
(116, 86, 1, 3500.00, 1.00, '2025-12-26 07:50:57', '2025-12-26 07:50:57'),
(117, 86, 2, 15000.00, 1.00, '2025-12-26 07:50:57', '2025-12-26 07:50:57'),
(118, 86, 3, 50000.00, 1.00, '2025-12-26 07:50:57', '2025-12-26 07:50:57'),
(119, 86, 4, 100000.00, 1.00, '2025-12-26 07:50:57', '2025-12-26 07:50:57'),
(120, 86, 22, 25000.00, 1.00, '2025-12-26 07:50:57', '2025-12-26 07:50:57');

-- --------------------------------------------------------

--
-- Cấu trúc bảng cho bảng `dong_ho`
--

CREATE TABLE `dong_ho` (
  `id` int(11) NOT NULL,
  `phong_id` int(11) NOT NULL,
  `dich_vu_id` int(11) NOT NULL,
  `ma_dong_ho` varchar(100) NOT NULL
) ENGINE=InnoDB DEFAULT CHARSET=utf8mb4 COLLATE=utf8mb4_general_ci;

--
-- Đang đổ dữ liệu cho bảng `dong_ho`
--

INSERT INTO `dong_ho` (`id`, `phong_id`, `dich_vu_id`, `ma_dong_ho`) VALUES
(1, 1, 1, 'DH_Dien_A101'),
(2, 1, 2, 'DH_Nuoc_A101'),
(3, 2, 1, 'DH_Dien_A102'),
(4, 3, 1, 'DH_Dien_B201'),
(5, 3, 2, 'DH_Nuoc_B201'),
(6, 13, 1, 'DH_Dien_E08'),
(7, 13, 2, 'DH_Nuoc_E08'),
(8, 63, 1, 'DH_Dien_C105'),
(9, 63, 2, 'DH_Nuoc_C105'),
(10, 64, 1, 'DH_Dien_C107'),
(11, 64, 2, 'DH_Nuoc_C107'),
(12, 65, 1, 'DH_Dien_4'),
(13, 65, 2, 'DH_Nuoc_4'),
(14, 66, 1, 'DH_Dien_F01'),
(15, 66, 2, 'DH_Nuoc_F01'),
(24, 72, 1, 'DH_DIEN_72'),
(25, 72, 2, 'DH_NUOC_72'),
(26, 73, 1, 'DH_DIEN_73'),
(27, 73, 2, 'DH_NUOC_73'),
(28, 74, 1, 'DH_DIEN_74'),
(29, 74, 2, 'DH_NUOC_74'),
(30, 75, 1, 'DH_DIEN_75'),
(31, 75, 2, 'DH_NUOC_75'),
(32, 76, 1, 'DH_DIEN_76'),
(33, 76, 2, 'DH_NUOC_76'),
(34, 77, 1, 'DH_DIEN_77'),
(35, 77, 2, 'DH_NUOC_77'),
(36, 78, 1, 'DH_DIEN_78'),
(37, 78, 2, 'DH_NUOC_78'),
(38, 79, 1, 'DH_DIEN_79'),
(39, 79, 2, 'DH_NUOC_79'),
(40, 80, 1, 'DH_DIEN_80'),
(41, 80, 2, 'DH_NUOC_80'),
(42, 81, 1, 'DH_DIEN_81'),
(43, 81, 2, 'DH_NUOC_81'),
(44, 82, 1, 'DH_DIEN_82'),
(45, 82, 2, 'DH_NUOC_82'),
(46, 83, 1, 'DH_DIEN_83'),
(47, 83, 2, 'DH_NUOC_83'),
(48, 84, 1, 'DH_DIEN_84'),
(49, 84, 2, 'DH_NUOC_84'),
(50, 85, 1, 'DH_DIEN_85'),
(51, 85, 2, 'DH_NUOC_85'),
(52, 86, 1, 'DH_DIEN_86'),
(53, 86, 2, 'DH_NUOC_86');

-- --------------------------------------------------------

--
-- Cấu trúc bảng cho bảng `hoa_don`
--

CREATE TABLE `hoa_don` (
  `id` int(11) NOT NULL,
  `hop_dong_id` int(11) NOT NULL,
  `thang` char(7) NOT NULL,
  `tien_phong` decimal(12,2) NOT NULL,
  `tien_dich_vu` decimal(12,2) NOT NULL DEFAULT 0.00,
  `tien_dong_ho` decimal(12,2) NOT NULL DEFAULT 0.00,
  `tong_tien` decimal(12,2) NOT NULL DEFAULT 0.00,
  `trang_thai` enum('chua_thanh_toan','mot_phan','da_thanh_toan','da_huy','cho_xac_nhan') DEFAULT 'chua_thanh_toan',
  `ngay_tao` datetime NOT NULL DEFAULT current_timestamp(),
  `han_thanh_toan` datetime NOT NULL,
  `ngay_thanh_toan` datetime DEFAULT NULL,
  `so_tien_da_tra` decimal(12,2) NOT NULL DEFAULT 0.00,
  `da_gui_canh_bao` tinyint(1) NOT NULL DEFAULT 0
) ENGINE=InnoDB DEFAULT CHARSET=utf8mb4 COLLATE=utf8mb4_general_ci;

--
-- Đang đổ dữ liệu cho bảng `hoa_don`
--

INSERT INTO `hoa_don` (`id`, `hop_dong_id`, `thang`, `tien_phong`, `tien_dich_vu`, `tien_dong_ho`, `tong_tien`, `trang_thai`, `ngay_tao`, `han_thanh_toan`, `ngay_thanh_toan`, `so_tien_da_tra`, `da_gui_canh_bao`) VALUES
(1, 1, '2025-01', 2500000.00, 150000.00, 475000.00, 3125000.00, 'da_thanh_toan', '2025-10-11 11:36:01', '2025-01-10 00:00:00', '2025-10-11 11:36:01', 0.00, 0),
(2, 2, '2025-02', 2800000.00, 150000.00, 105000.00, 3055000.00, 'da_thanh_toan', '2025-10-11 11:36:01', '2025-02-10 00:00:00', '2025-10-11 11:36:01', 3055000.00, 0),
(3, 3, '2025-01', 3000000.00, 150000.00, 405000.00, 3555000.00, 'da_huy', '2025-10-11 11:36:01', '2025-01-10 00:00:00', NULL, 0.00, 0),
(4, 4, '2025-03', 3200000.00, 0.00, 0.00, 3200000.00, 'da_thanh_toan', '2025-10-11 11:36:01', '2025-03-10 00:00:00', '2025-10-11 11:36:01', 0.00, 0),
(10, 1, '2025-11', 2500000.00, 150000.00, 0.00, 2650000.00, 'da_huy', '2025-10-24 15:42:22', '2025-11-01 00:00:00', NULL, 0.00, 0),
(156, 2, '2025-03', 2800000.00, 68500.00, 0.00, 2868500.00, 'da_huy', '2025-12-24 15:36:58', '2025-03-01 00:00:00', NULL, 0.00, 0),
(159, 101, '2025-12', 2500000.00, 2650000.00, 15000.00, 5165000.00, 'da_huy', '2025-12-24 15:36:58', '2025-12-01 00:00:00', NULL, 0.00, 0),
(161, 103, '2025-12', 3000000.00, 250000.00, 0.00, 3250000.00, 'da_huy', '2025-12-24 15:36:58', '2025-12-01 00:00:00', NULL, 0.00, 0),
(169, 127, '2026-01', 47000.00, 0.00, 157500.00, 204500.00, 'da_huy', '2025-12-24 15:47:47', '2025-12-31 15:47:47', NULL, 0.00, 0),
(172, 129, '2025-12', 35000.00, 0.00, 609000.00, 644000.00, 'da_huy', '2025-12-24 17:04:08', '2025-12-31 17:04:08', NULL, 0.00, 0),
(177, 132, '2025-12', 35000.00, 175000.00, 414000.00, 624000.00, 'da_thanh_toan', '2025-12-25 11:52:57', '2025-12-11 00:00:00', NULL, 0.00, 0),
(193, 135, '2025-12', 56000.00, 213500.00, 609000.00, 878500.00, 'da_thanh_toan', '2025-12-25 21:39:56', '2025-12-11 00:00:00', NULL, 0.00, 0),
(209, 46, '2025-12', 3000000.00, 250000.00, 0.00, 3250000.00, 'chua_thanh_toan', '2025-12-26 07:54:51', '2025-12-01 00:00:00', NULL, 0.00, 0),
(210, 102, '2025-12', 2800000.00, 68500.00, 17500.00, 2886000.00, 'chua_thanh_toan', '2025-12-26 07:54:51', '2025-12-01 00:00:00', NULL, 0.00, 0),
(211, 115, '2025-12', 30000.00, 325000.00, 0.00, 355000.00, 'chua_thanh_toan', '2025-12-26 07:54:51', '2025-12-01 00:00:00', NULL, 0.00, 0),
(212, 118, '2025-12', 1570000.00, 175000.00, 484000.00, 2229000.00, 'chua_thanh_toan', '2025-12-26 07:54:51', '2025-12-01 00:00:00', NULL, 0.00, 0),
(213, 119, '2025-12', 25000.00, 343500.00, 0.00, 368500.00, 'chua_thanh_toan', '2025-12-26 07:54:51', '2025-12-01 00:00:00', NULL, 0.00, 0),
(214, 120, '2025-12', 4000000.00, 273500.00, 203500.00, 4477000.00, 'chua_thanh_toan', '2025-12-26 07:54:51', '2025-12-01 00:00:00', NULL, 0.00, 0),
(215, 125, '2025-12', 50000.00, 175000.00, 0.00, 225000.00, 'chua_thanh_toan', '2025-12-26 07:54:51', '2025-12-01 00:00:00', NULL, 0.00, 0),
(216, 126, '2025-12', 24000.00, 200000.00, 737000.00, 961000.00, 'chua_thanh_toan', '2025-12-26 07:54:51', '2025-12-01 00:00:00', NULL, 0.00, 0),
(217, 128, '2025-12', 65000.00, 175000.00, 0.00, 240000.00, 'chua_thanh_toan', '2025-12-26 07:54:51', '2025-12-01 00:00:00', NULL, 0.00, 0),
(218, 130, '2025-02', 76000.00, 75000.00, 0.00, 151000.00, 'chua_thanh_toan', '2025-12-26 07:54:51', '2025-02-11 00:00:00', NULL, 0.00, 0),
(219, 132, '2026-01', 35000.00, 175000.00, 414000.00, 624000.00, 'chua_thanh_toan', '2025-12-26 07:54:51', '2026-01-11 00:00:00', NULL, 0.00, 0),
(220, 133, '2025-12', 3500000.00, 320000.00, 0.00, 3820000.00, 'chua_thanh_toan', '2025-12-26 07:54:51', '2025-12-11 00:00:00', NULL, 0.00, 0),
(221, 134, '2025-12', 54000.00, 213500.00, 0.00, 267500.00, 'chua_thanh_toan', '2025-12-26 07:54:51', '2025-12-11 00:00:00', NULL, 0.00, 0),
(222, 135, '2026-01', 56000.00, 213500.00, 609000.00, 878500.00, 'chua_thanh_toan', '2025-12-26 07:54:51', '2026-01-11 00:00:00', NULL, 0.00, 0),
(223, 136, '2025-12', 45000.00, 293500.00, 237000.00, 575500.00, 'chua_thanh_toan', '2025-12-26 07:54:51', '2025-12-11 00:00:00', NULL, 0.00, 0),
(224, 137, '2025-12', 57000.00, 193500.00, 418500.00, 669000.00, 'da_thanh_toan', '2025-12-26 07:54:51', '2025-12-11 00:00:00', NULL, 0.00, 0);

-- --------------------------------------------------------

--
-- Cấu trúc bảng cho bảng `hop_dong`
--

CREATE TABLE `hop_dong` (
  `id` int(11) NOT NULL,
  `khach_thue_id` int(11) NOT NULL,
  `phong_id` int(11) NOT NULL,
  `ngay_bat_dau` date NOT NULL,
  `ngay_ket_thuc` date NOT NULL,
  `tien_coc` decimal(12,2) NOT NULL,
  `ghi_chu` text DEFAULT NULL,
  `trang_thai` enum('hieu_luc','ket_thuc','huy') NOT NULL DEFAULT 'hieu_luc',
  `url_file_hop_dong` varchar(500) DEFAULT NULL,
  `ngay_tao` datetime NOT NULL DEFAULT current_timestamp(),
  `ngay_cap_nhat` datetime NOT NULL DEFAULT current_timestamp() ON UPDATE current_timestamp()
) ENGINE=InnoDB DEFAULT CHARSET=utf8mb4 COLLATE=utf8mb4_general_ci;

--
-- Đang đổ dữ liệu cho bảng `hop_dong`
--

INSERT INTO `hop_dong` (`id`, `khach_thue_id`, `phong_id`, `ngay_bat_dau`, `ngay_ket_thuc`, `tien_coc`, `ghi_chu`, `trang_thai`, `url_file_hop_dong`, `ngay_tao`, `ngay_cap_nhat`) VALUES
(1, 4, 1, '2025-11-01', '2026-12-31', 1000000.00, NULL, 'hieu_luc', 'hop_dong_files/xGEEc1laRSNZJJsEY3Ulkg1tblhuH2UIb6BPyNqT.pdf', '2025-10-11 11:36:01', '2025-12-24 15:19:12'),
(2, 4, 2, '2025-11-01', '2026-12-31', 2500000.00, NULL, 'hieu_luc', 'hd_2.pdf', '2025-10-11 11:36:01', '2025-12-24 15:19:12'),
(3, 5, 3, '2025-01-15', '2025-12-31', 2500000.00, NULL, 'huy', 'hd_3.pdf', '2025-10-11 11:36:01', '2025-10-23 20:20:07'),
(4, 5, 4, '2025-11-01', '2026-12-31', 2500000.00, NULL, 'hieu_luc', 'hd_4.pdf', '2025-10-11 11:36:01', '2025-12-24 15:19:12'),
(5, 4, 5, '2025-11-01', '2026-12-31', 3000000.00, NULL, 'hieu_luc', 'hd_5.pdf', '2025-10-11 11:36:01', '2025-12-24 15:19:12'),
(46, 4, 3, '2025-11-01', '2026-12-31', 13000000.00, 'dâdad', 'hieu_luc', 'yeu_cau_files/iKqzcoXNmNhRsXRmj9dd4IUXYnvhNx41Hh4zQElB.pdf', '2025-11-08 13:38:15', '2025-12-24 15:19:12'),
(101, 101, 1, '2025-11-01', '2026-12-31', 2000000.00, 'Hợp đồng mẫu 1', 'hieu_luc', 'hd_2.pdf', '2025-11-17 05:24:36', '2025-12-24 15:19:12'),
(102, 102, 2, '2025-11-01', '2026-12-31', 2500000.00, 'Hợp đồng mẫu 2', 'hieu_luc', 'hd_2.pdf', '2025-11-17 05:24:36', '2025-12-24 15:19:12'),
(103, 103, 3, '2025-11-01', '2026-12-31', 3000000.00, 'Hợp đồng mẫu 3', 'hieu_luc', 'hd_2.pdf', '2025-11-17 05:24:36', '2025-12-24 15:19:12'),
(104, 104, 4, '2025-11-01', '2026-12-31', 2200000.00, 'Hợp đồng mẫu 4', 'hieu_luc', 'hd_2.pdf', '2025-11-17 05:24:36', '2025-12-24 15:19:12'),
(105, 105, 5, '2025-11-01', '2026-12-31', 2500000.00, 'Hợp đồng mẫu 5', 'hieu_luc', 'hd_2.pdf', '2025-11-17 05:24:36', '2025-12-24 15:19:12'),
(115, 12, 66, '2025-11-01', '2026-12-31', 10000.00, NULL, 'hieu_luc', 'yeu_cau_files/C9PfUnGXqiGc6DFTaAucsnJT4L0TiWGWbfQNzubS.pdf', '2025-12-23 19:03:35', '2025-12-24 15:19:12'),
(118, 4, 13, '2025-11-01', '2026-12-31', 30000.00, NULL, 'hieu_luc', 'yeu_cau_files/E9HypUUWVsMYFI8D8lTO2SJAXgu7BTvcNus5LWYh.pdf', '2025-12-24 14:32:22', '2025-12-24 15:19:12'),
(119, 12, 70, '2025-11-01', '2026-12-31', 10000.00, NULL, 'hieu_luc', 'yeu_cau_files/VFkYV67yH4HhGhXnNk3COWqY2qoGN7JVSg41TDMz.pdf', '2025-12-24 14:44:54', '2025-12-24 15:19:12'),
(120, 12, 63, '2025-11-01', '2026-12-31', 10000.00, NULL, 'hieu_luc', 'yeu_cau_files/Ux1gSPib7xFx97HO7i4gURLrIkAecUtaM0o7wDlE.pdf', '2025-12-24 14:47:11', '2025-12-24 15:19:12'),
(123, 4, 71, '2025-11-01', '2026-12-31', 10000.00, NULL, 'hieu_luc', 'yeu_cau_files/2n73yrPW6WZaIDmdOi59VvqXgNYriINknksLA6rc.pdf', '2025-12-24 15:05:36', '2025-12-24 15:19:12'),
(124, 12, 72, '2025-11-01', '2026-12-31', 10000.00, NULL, 'hieu_luc', 'yeu_cau_files/vozEBcxlnjKISABYw7dBedpoNgb0MUi1XVQlr2Ar.pdf', '2025-12-24 15:11:32', '2025-12-24 15:19:12'),
(125, 5, 73, '2025-11-01', '2026-12-31', 1000.00, NULL, 'hieu_luc', 'yeu_cau_files/Z30D5POgXqJPhUTZdmMhioK2sNcLkII13onCdqr9.pdf', '2025-12-24 15:17:39', '2025-12-24 15:19:12'),
(126, 5, 74, '2025-11-01', '2026-12-31', 10000.00, 'aaa', 'hieu_luc', 'yeu_cau_files/wymloc3351VPD3SNVWuw2b78OJkpf4MAugQXRCGl.pdf', '2025-12-24 15:25:58', '2025-12-24 15:25:58'),
(127, 5, 76, '2025-11-11', '2026-12-30', 10000.00, 'em muon vao', 'hieu_luc', 'yeu_cau_files/KBW4Sx1mjpt8qZ93L1zYRVI57YA8m7kTSUcWd4ag.pdf', '2025-12-24 15:36:24', '2025-12-24 15:36:24'),
(128, 101, 77, '2025-11-01', '2026-11-26', 15000.00, 'em muon thue', 'hieu_luc', 'yeu_cau_files/iitXLMhGuX1BCNtSGPaWgg4nbRZMT5J7oLcEFuwH.pdf', '2025-12-24 16:58:00', '2025-12-24 16:58:00'),
(129, 101, 75, '2025-12-12', '2026-11-21', 5000.00, NULL, 'hieu_luc', 'yeu_cau_files/GeFueFTpr8HrdLL6TIkJRrQvak3kV7wfBTozQSra.pdf', '2025-12-24 17:03:19', '2025-12-24 17:06:21'),
(130, 102, 78, '2025-01-11', '2026-11-11', 15000.00, 'em muon vao thue', 'hieu_luc', 'yeu_cau_files/SfLt9wzTLvmRzkMYWqiavj9hhuHkT7a6aQwq3QVH.pdf', '2025-12-25 07:02:56', '2025-12-25 07:02:56'),
(131, 105, 83, '2025-11-11', '2026-11-11', 5000.00, 'em thue', 'hieu_luc', 'yeu_cau_files/ZxS3CNtLMD2x5loCc9TjNYxEMqlWa4Dok4Mf3lCh.pdf', '2025-12-25 07:55:17', '2025-12-25 07:55:17'),
(132, 12, 84, '2025-11-11', '2026-11-11', 5000.00, 'em muon thue phong ni', 'hieu_luc', 'yeu_cau_files/CNwtVk23QuMLDJAjh5pI7Pjq6WnAOHtDcC7pxYSh.pdf', '2025-12-25 11:51:58', '2025-12-25 11:51:58'),
(133, 104, 6, '2025-11-11', '2026-11-11', 24000.00, 'em muon vao o', 'hieu_luc', 'yeu_cau_files/PHZi7zZDyGyDBtBA7Ii4Qaufhdxral4EOcyPS5H7.pdf', '2025-12-25 20:00:12', '2025-12-25 20:00:12'),
(134, 12, 79, '2025-11-11', '2026-11-11', 12000.00, 'aaaaa', 'hieu_luc', 'yeu_cau_files/49J174iqdE2aFwKIlFjmnA7wsqQr9Nu05VsyUqC4.pdf', '2025-12-25 20:06:38', '2025-12-25 20:06:38'),
(135, 12, 85, '2025-11-11', '2026-11-11', 24000.00, 'em muon thue', 'hieu_luc', 'yeu_cau_files/vlTmYwTuLN3HZVrC7NTGNkDk8lnc658mvLgpNkY2.pdf', '2025-12-25 21:39:20', '2025-12-25 21:39:20'),
(136, 5, 80, '2025-11-11', '2026-11-11', 10000.00, 'em muon thue', 'hieu_luc', 'yeu_cau_files/6UaQSulT2RWsMRRfGQzds7w9rYWfyfIxY1IC7pgc.pdf', '2025-12-26 06:04:01', '2025-12-26 06:04:01'),
(137, 12, 86, '2025-11-11', '2026-11-11', 12000.00, 'em muon thue phong nay vao ngay 11', 'hieu_luc', 'yeu_cau_files/AqiJHeDjOAuQHjAQcHl3pibm4jxWMLrn7XK6DF5W.pdf', '2025-12-26 07:53:51', '2025-12-26 07:53:51');

--
-- Bẫy `hop_dong`
--
DELIMITER $$
CREATE TRIGGER `trg_hopdong_after_delete` AFTER DELETE ON `hop_dong` FOR EACH ROW BEGIN
    UPDATE phong
    SET trang_thai = 'trong',
        ngay_cap_nhat = NOW()
    WHERE id = OLD.phong_id;
END
$$
DELIMITER ;
DELIMITER $$
CREATE TRIGGER `trg_hopdong_after_insert` AFTER INSERT ON `hop_dong` FOR EACH ROW BEGIN
    UPDATE phong
    SET trang_thai = 'da_thue',
        ngay_cap_nhat = NOW()
    WHERE id = NEW.phong_id;
END
$$
DELIMITER ;
DELIMITER $$
CREATE TRIGGER `trg_hopdong_after_update` AFTER UPDATE ON `hop_dong` FOR EACH ROW BEGIN
    IF NEW.trang_thai IN ('ket_thuc', 'huy') THEN
        UPDATE phong
        SET trang_thai = 'trong',
            ngay_cap_nhat = NOW()
        WHERE id = NEW.phong_id;
    END IF;
END
$$
DELIMITER ;
DELIMITER $$
CREATE TRIGGER `trg_hopdong_delete` AFTER DELETE ON `hop_dong` FOR EACH ROW BEGIN
                UPDATE phong
                SET trang_thai = "trong",
                    ngay_cap_nhat = NOW()
                WHERE id = OLD.phong_id;
            END
$$
DELIMITER ;
DELIMITER $$
CREATE TRIGGER `trg_hopdong_insert` AFTER INSERT ON `hop_dong` FOR EACH ROW BEGIN
                UPDATE phong
                SET trang_thai = "da_thue",
                    ngay_cap_nhat = NOW()
                WHERE id = NEW.phong_id;
            END
$$
DELIMITER ;
DELIMITER $$
CREATE TRIGGER `trg_hopdong_update` AFTER UPDATE ON `hop_dong` FOR EACH ROW BEGIN
                IF NEW.trang_thai = "ket_thuc" OR NEW.trang_thai = "huy" THEN
                    UPDATE phong
                    SET trang_thai = "trong",
                        ngay_cap_nhat = NOW()
                    WHERE id = NEW.phong_id;
                ELSEIF NEW.trang_thai = "hieu_luc" THEN
                    UPDATE phong
                    SET trang_thai = "da_thue",
                        ngay_cap_nhat = NOW()
                    WHERE id = NEW.phong_id;
                END IF;
            END
$$
DELIMITER ;

-- --------------------------------------------------------

--
-- Cấu trúc bảng cho bảng `jobs`
--

CREATE TABLE `jobs` (
  `id` bigint(20) UNSIGNED NOT NULL,
  `queue` varchar(255) NOT NULL,
  `payload` longtext NOT NULL,
  `attempts` tinyint(3) UNSIGNED NOT NULL,
  `reserved_at` int(10) UNSIGNED DEFAULT NULL,
  `available_at` int(10) UNSIGNED NOT NULL,
  `created_at` int(10) UNSIGNED NOT NULL
) ENGINE=InnoDB DEFAULT CHARSET=utf8mb4 COLLATE=utf8mb4_unicode_ci;

-- --------------------------------------------------------

--
-- Cấu trúc bảng cho bảng `job_batches`
--

CREATE TABLE `job_batches` (
  `id` varchar(255) NOT NULL,
  `name` varchar(255) NOT NULL,
  `total_jobs` int(11) NOT NULL,
  `pending_jobs` int(11) NOT NULL,
  `failed_jobs` int(11) NOT NULL,
  `failed_job_ids` longtext NOT NULL,
  `options` mediumtext DEFAULT NULL,
  `cancelled_at` int(11) DEFAULT NULL,
  `created_at` int(11) NOT NULL,
  `finished_at` int(11) DEFAULT NULL
) ENGINE=InnoDB DEFAULT CHARSET=utf8mb4 COLLATE=utf8mb4_unicode_ci;

-- --------------------------------------------------------

--
-- Cấu trúc bảng cho bảng `khach_thue`
--

CREATE TABLE `khach_thue` (
  `id` int(11) NOT NULL,
  `nguoi_dung_id` int(11) DEFAULT NULL,
  `ngan_sach_min` decimal(12,2) NOT NULL,
  `ngan_sach_max` decimal(12,2) NOT NULL,
  `ngay_tao` datetime NOT NULL DEFAULT current_timestamp(),
  `ngay_cap_nhat` datetime NOT NULL DEFAULT current_timestamp() ON UPDATE current_timestamp(),
  `cccd` varchar(20) DEFAULT NULL
) ENGINE=InnoDB DEFAULT CHARSET=utf8mb4 COLLATE=utf8mb4_general_ci;

--
-- Đang đổ dữ liệu cho bảng `khach_thue`
--

INSERT INTO `khach_thue` (`id`, `nguoi_dung_id`, `ngan_sach_min`, `ngan_sach_max`, `ngay_tao`, `ngay_cap_nhat`, `cccd`) VALUES
(4, 4, 1500000.00, 4000000.00, '2025-10-11 11:36:01', '2025-10-18 21:02:46', NULL),
(5, 5, 2000000.00, 5000000.00, '2025-10-11 11:36:01', '2025-10-18 21:02:46', NULL),
(12, 27, 0.00, 0.00, '2025-10-25 14:45:35', '2025-10-25 14:45:35', NULL),
(101, 201, 2000000.00, 4000000.00, '2025-11-17 05:24:36', '2025-11-17 05:26:36', NULL),
(102, 202, 2500000.00, 4500000.00, '2025-11-17 05:24:36', '2025-11-17 05:26:36', NULL),
(103, 203, 3000000.00, 5000000.00, '2025-11-17 05:24:36', '2025-11-17 05:26:36', NULL),
(104, 204, 1800000.00, 3500000.00, '2025-11-17 05:24:36', '2025-11-17 05:26:36', NULL),
(105, 205, 2200000.00, 4200000.00, '2025-11-17 05:24:36', '2025-11-17 05:26:36', NULL),
(106, 206, 0.00, 0.00, '2025-11-19 20:11:54', '2025-11-19 20:11:54', NULL);

-- --------------------------------------------------------

--
-- Cấu trúc bảng cho bảng `migrations`
--

CREATE TABLE `migrations` (
  `id` int(10) UNSIGNED NOT NULL,
  `migration` varchar(255) NOT NULL,
  `batch` int(11) NOT NULL
) ENGINE=InnoDB DEFAULT CHARSET=utf8mb4 COLLATE=utf8mb4_unicode_ci;

--
-- Đang đổ dữ liệu cho bảng `migrations`
--

INSERT INTO `migrations` (`id`, `migration`, `batch`) VALUES
(9, '2014_10_12_000000_create_users_table', 1),
(10, '2014_10_12_100000_create_password_resets_table', 1),
(11, '2019_08_19_000000_create_failed_jobs_table', 1),
(12, '2019_12_14_000001_create_personal_access_tokens_table', 1),
(13, '2025_10_19_104104_add_hopdong_triggers', 2),
(15, '2025_10_23_075027_add_edit_tracking_to_chi_so_table', 3),
(16, '2025_10_24_041103_add_so_tien_da_tra_to_hoa_don_table', 3),
(17, '0001_01_01_000002_create_jobs_table', 3),
(18, '0001_01_01_000002_create_jobs_table', 3),
(19, '2025_11_10_000001_add_columns_to_so_thich', 4),
(20, '2025_11_10_000000_add_unique_constraint_so_thich_nguoi_dung', 5),
(21, '2025_11_10_000002_change_ten_columns_to_text', 6);

-- --------------------------------------------------------

--
-- Cấu trúc bảng cho bảng `nguoi_dung`
--

CREATE TABLE `nguoi_dung` (
  `id` int(11) NOT NULL,
  `ho_ten` varchar(255) NOT NULL,
  `so_dien_thoai` varchar(20) NOT NULL,
  `email` varchar(255) NOT NULL,
  `google_id` varchar(255) DEFAULT NULL,
  `mat_khau` varchar(255) NOT NULL,
  `vai_tro` enum('quan_tri','chu_tro','khach_thue') NOT NULL,
  `trang_thai` enum('hoat_dong','da_khoa','chua_xac_thuc') NOT NULL DEFAULT 'chua_xac_thuc',
  `anh_dai_dien` varchar(500) NOT NULL,
  `ngay_tao` datetime NOT NULL DEFAULT current_timestamp(),
  `ngay_cap_nhat` datetime NOT NULL DEFAULT current_timestamp() ON UPDATE current_timestamp(),
  `is_verified` tinyint(1) DEFAULT 0
) ENGINE=InnoDB DEFAULT CHARSET=utf8mb4 COLLATE=utf8mb4_general_ci;

--
-- Đang đổ dữ liệu cho bảng `nguoi_dung`
--

INSERT INTO `nguoi_dung` (`id`, `ho_ten`, `so_dien_thoai`, `email`, `google_id`, `mat_khau`, `vai_tro`, `trang_thai`, `anh_dai_dien`, `ngay_tao`, `ngay_cap_nhat`, `is_verified`) VALUES
(1, 'Admin Hệ Thống', '0909000001', 'admin@gmail.com', NULL, '123456', 'quan_tri', 'hoat_dong', 'admin.png', '2025-10-11 11:36:01', '2025-10-11 11:36:01', 0),
(2, 'Duy Bảo', '0909000002', 'baotranduy666666@gmail.com', '101547967865970402744', '123456', 'chu_tro', 'hoat_dong', 'https://lh3.googleusercontent.com/a/ACg8ocKdEjPPmXC74zF8yOJCs4IqNfz67A1V9y3xoxpl_AAllZxppS9V=s96-c', '2025-10-11 11:36:01', '2025-12-22 04:44:24', 0),
(3, 'Trần Thị Bình', '0909000003', 'chutro2@gmail.com', NULL, '123456', 'chu_tro', 'hoat_dong', 'chutro2.png', '2025-10-11 11:36:01', '2025-10-11 11:36:01', 0),
(4, 'Lê Văn Kiệt', '0909000004', 'tranduybao1005@gmail.com', NULL, '123456', 'khach_thue', 'hoat_dong', 'avatars/wfEVCnS6j11hFhykpFtitwZbtsNu7eImHaDxkmzu.png', '2025-10-11 11:36:01', '2025-11-05 13:14:53', 0),
(5, 'Phạm Thị Linh', '0909000005', 'khach2@gmail.com', NULL, '123456', 'khach_thue', 'hoat_dong', 'khach2.png', '2025-10-11 11:36:01', '2025-10-11 11:36:01', 0),
(27, 'tran ly', '0321564897', 'ly2@gmail.com', NULL, '123456', 'khach_thue', 'hoat_dong', '', '2025-10-25 07:45:35', '2025-10-25 07:45:35', 0),
(101, 'Nguyễn Văn Hải', '0901234567', 'chu1@example.com', NULL, '123456', 'chu_tro', 'hoat_dong', '', '2025-11-17 05:23:51', '2025-11-17 05:23:51', 0),
(102, 'Trần Hoàng Duy', '0902234567', 'chu2@example.com', NULL, '123456', 'chu_tro', 'hoat_dong', '', '2025-11-17 05:23:51', '2025-11-17 05:23:51', 0),
(103, 'Lê Minh Tâm', '0903234567', 'chu3@example.com', NULL, '123456', 'chu_tro', 'hoat_dong', '', '2025-11-17 05:23:51', '2025-11-17 05:23:51', 0),
(104, 'Phạm Quốc Bảo', '0904234567', 'chu4@example.com', NULL, '123456', 'chu_tro', 'hoat_dong', '', '2025-11-17 05:23:51', '2025-11-17 05:23:51', 0),
(105, 'Võ Thanh Phong', '0905234567', 'chu5@example.com', NULL, '123456', 'chu_tro', 'hoat_dong', '', '2025-11-17 05:23:51', '2025-11-17 05:23:51', 0),
(201, 'Nguyễn Văn Lộc', '0981111111', 'khach1@example.com', NULL, '123456', 'khach_thue', 'hoat_dong', '', '2025-11-17 05:24:03', '2025-11-17 05:24:03', 0),
(202, 'Phạm Thị Minh', '0982222222', 'khach2@example.com', NULL, '123456', 'khach_thue', 'hoat_dong', '', '2025-11-17 05:24:03', '2025-11-17 05:24:03', 0),
(203, 'Trần Khánh Duy', '0983333333', 'khach3@example.com', NULL, '123456', 'khach_thue', 'hoat_dong', '', '2025-11-17 05:24:03', '2025-11-17 05:24:03', 0),
(204, 'Mai Quốc Thái', '0984444444', 'khach4@example.com', NULL, '123456', 'khach_thue', 'hoat_dong', '', '2025-11-17 05:24:03', '2025-11-17 05:24:03', 0),
(205, 'Hoàng Mỹ Chi', '0985555555', 'khach5@example.com', NULL, '123456', 'khach_thue', 'hoat_dong', '', '2025-11-17 05:24:03', '2025-11-17 05:24:03', 0),
(206, 'Tran Chi Cuong', '09876654321', 'cuong01062004@gmail.com', NULL, '123456', 'khach_thue', 'hoat_dong', '', '2025-11-19 13:11:54', '2025-11-19 13:11:54', 0);

-- --------------------------------------------------------

--
-- Cấu trúc bảng cho bảng `nguoi_than`
--

CREATE TABLE `nguoi_than` (
  `id` int(11) NOT NULL,
  `khach_thue_id` int(11) NOT NULL,
  `ho_ten` varchar(255) NOT NULL,
  `so_dien_thoai` varchar(20) NOT NULL,
  `moi_quan_he` varchar(100) NOT NULL
) ENGINE=InnoDB DEFAULT CHARSET=utf8mb4 COLLATE=utf8mb4_general_ci;

--
-- Đang đổ dữ liệu cho bảng `nguoi_than`
--

INSERT INTO `nguoi_than` (`id`, `khach_thue_id`, `ho_ten`, `so_dien_thoai`, `moi_quan_he`) VALUES
(1, 4, 'Nguyễn Văn Đạt', '0911000001', 'Cha'),
(2, 4, 'Nguyễn Thị Diệu', '0911000002', 'Mẹ'),
(3, 5, 'Phạm Văn Anh', '0911000003', 'Anh trai'),
(4, 5, 'Phạm Thị Trúc', '0911000004', 'Em gái'),
(64, 4, 'bao co bap', '0854154248', 'ban'),
(65, 4, 'bao co bap', '0854154248', 'ban'),
(66, 4, 'bao co bap', '0854154248', 'ban'),
(67, 4, 'bao co bap', '0854154248', 'ban'),
(68, 12, 'bao co bap', '0854154248', 'ban'),
(69, 12, 'bao co bap', '0854154248', 'ban'),
(70, 12, 'bao co bap', '0854154248', 'ban'),
(71, 12, 'bao co bap', '0854154248', 'ban'),
(72, 12, 'bao co bap', '0854154248', 'ban'),
(73, 12, 'bao co bap', '0854154248', 'ban'),
(74, 12, 'bao co bap', '0854154248', 'ban'),
(75, 12, 'bao co bap', '0854154248', 'ban'),
(76, 12, 'shadow', '0909090911', 'bạn'),
(77, 12, 'shadow', '0909090911', 'bạn'),
(78, 12, 'shadow', '0854154248', 'bạn'),
(79, 12, 'shadow', '0854154248', 'bạn'),
(80, 12, 'den den', '0854154248', 'bạn'),
(81, 12, 'den den', '0854154248', 'bạn'),
(82, 12, 'bao dai ca', '0854154248', 'bạn'),
(83, 12, 'bao dai ca', '0854154248', 'bạn'),
(84, 12, 'den den', '0854154248', 'ban'),
(85, 12, 'den den', '0854154248', 'ban'),
(86, 12, 'ádasda', '0854154248', 'vavav'),
(87, 12, 'ádasda', '0854154248', 'vavav'),
(88, 12, '\"[]\"', '', 'Người sống cùng'),
(89, 12, '\"[]\"', '', 'Người sống cùng'),
(90, 4, '\"[]\"', '', 'Người sống cùng'),
(91, 12, '\"[]\"', '', 'Người sống cùng'),
(92, 12, '\"[]\"', '', 'Người sống cùng'),
(93, 4, '\"[]\"', '', 'Người sống cùng'),
(94, 4, '\"[]\"', '', 'Người sống cùng'),
(95, 4, '\"[]\"', '', 'Người sống cùng'),
(96, 12, '\"[]\"', '', 'Người sống cùng'),
(97, 5, '\"[]\"', '', 'Người sống cùng'),
(98, 5, 'bao dai ca', '0854154248', 'bạn'),
(99, 5, 'bao dai ca', '0854154248', 'bạn'),
(100, 5, 'tu tu', '01225431654', 'nguoi iu'),
(101, 5, 'tu tu', '01225431654', 'nguoi iu'),
(102, 101, 'bao cute', '0124547889', 'ban be'),
(103, 101, 'bao cute', '0124547889', 'ban be'),
(104, 101, 'den den', '0854154248', 'bạn'),
(105, 101, 'den den', '0854154248', 'bạn'),
(106, 102, 'den den', '0854154248', 'bạn'),
(107, 102, 'den den', '0854154248', 'bạn'),
(108, 105, 'aa', '0854154248', 'bạn'),
(109, 105, 'aa', '0854154248', 'bạn'),
(110, 12, '\"[]\"', '', 'Người sống cùng'),
(111, 104, '\"[]\"', '', 'Người sống cùng'),
(112, 12, '\"[]\"', '', 'Người sống cùng'),
(113, 12, '\"[]\"', '', 'Người sống cùng'),
(114, 5, '\"[]\"', '', 'Người sống cùng'),
(115, 12, '\"[]\"', '', 'Người sống cùng');

-- --------------------------------------------------------

--
-- Cấu trúc bảng cho bảng `password_resets`
--

CREATE TABLE `password_resets` (
  `email` varchar(255) NOT NULL,
  `token` varchar(255) NOT NULL,
  `created_at` timestamp NULL DEFAULT NULL
) ENGINE=InnoDB DEFAULT CHARSET=utf8mb4 COLLATE=utf8mb4_unicode_ci;

-- --------------------------------------------------------

--
-- Cấu trúc bảng cho bảng `personal_access_tokens`
--

CREATE TABLE `personal_access_tokens` (
  `id` bigint(20) UNSIGNED NOT NULL,
  `tokenable_type` varchar(255) NOT NULL,
  `tokenable_id` bigint(20) UNSIGNED NOT NULL,
  `name` varchar(255) NOT NULL,
  `token` varchar(64) NOT NULL,
  `abilities` text DEFAULT NULL,
  `last_used_at` timestamp NULL DEFAULT NULL,
  `expires_at` timestamp NULL DEFAULT NULL,
  `created_at` timestamp NULL DEFAULT NULL,
  `updated_at` timestamp NULL DEFAULT NULL
) ENGINE=InnoDB DEFAULT CHARSET=utf8mb4 COLLATE=utf8mb4_unicode_ci;

--
-- Đang đổ dữ liệu cho bảng `personal_access_tokens`
--

INSERT INTO `personal_access_tokens` (`id`, `tokenable_type`, `tokenable_id`, `name`, `token`, `abilities`, `last_used_at`, `expires_at`, `created_at`, `updated_at`) VALUES
(1, 'App\\Models\\NguoiDung', 8, 'api', 'dfedef9e1df3e95f4f8d9d9eb211e8477e25a665b0a6ff8328e697a6ff757cf8', '[\"*\"]', NULL, NULL, '2025-10-11 01:38:31', '2025-10-11 01:38:31'),
(4, 'App\\Models\\NguoiDung', 10, 'api', '7c898b07c3543ded9c87feeba0e65ac6c7c4c4a10f43720289ef4cd40d30ed04', '[\"*\"]', NULL, NULL, '2025-10-11 01:44:23', '2025-10-11 01:44:23'),
(8, 'App\\Models\\NguoiDung', 11, 'api', 'cc98a1839d0b728137c456e34ecefc8586a31325c0e14595241d5510c188629e', '[\"*\"]', NULL, NULL, '2025-10-11 02:16:05', '2025-10-11 02:16:05'),
(11, 'App\\Models\\NguoiDung', 12, 'api', 'b822982063c8cd67e52c1bc97144cf26e5a9d28b154b21ff8b3b6c55d9530901', '[\"*\"]', NULL, NULL, '2025-10-11 02:24:07', '2025-10-11 02:24:07'),
(17, 'App\\Models\\NguoiDung', 2, 'test-token', '83eb04ab93314feb3b8717f0f1b8ad3f470234ac4d2ceae859e3c82162fdfa81', '[\"*\"]', '2025-10-11 06:51:20', NULL, '2025-10-11 06:50:12', '2025-10-11 06:51:20'),
(22, 'App\\Models\\NguoiDung', 2, 'api', '5e64c3cfba493803a4410ee5b8ecca8a6397f085707577bc250ecceb2130d4e0', '[\"*\"]', '2025-10-11 07:57:57', NULL, '2025-10-11 07:57:44', '2025-10-11 07:57:57'),
(24, 'App\\Models\\NguoiDung', 2, 'api', 'f53563c733abef67a578155d244cd8785124d6155bcce81510f62c8737da48cd', '[\"*\"]', '2025-10-17 07:00:28', NULL, '2025-10-17 07:00:11', '2025-10-17 07:00:28'),
(25, 'App\\Models\\NguoiDung', 2, 'api', '281f01831a93b7060c9f69cf7936fd98ea7c1f08afa351c8b04ce21a72851eef', '[\"*\"]', '2025-10-18 00:37:33', NULL, '2025-10-18 00:37:14', '2025-10-18 00:37:33'),
(26, 'App\\Models\\NguoiDung', 2, 'api', 'af56d1aa6998cd044131a01917730bbbcc398aa086bc1269eb9b8d7b3c27184a', '[\"*\"]', '2025-10-18 01:26:41', NULL, '2025-10-18 01:26:24', '2025-10-18 01:26:41'),
(28, 'App\\Models\\NguoiDung', 2, 'api', '9f45e1b47b78e11e279d056451c25d6027bd6fc41d317a01fd8478dfa49a855c', '[\"*\"]', '2025-10-18 02:18:40', NULL, '2025-10-18 01:57:29', '2025-10-18 02:18:40'),
(35, 'App\\Models\\NguoiDung', 2, 'api', 'd0eed545f03652b43dfc34384f901e4c7869b2be0aff9dc22c978f55fcdc2a31', '[\"*\"]', '2025-10-18 09:28:01', NULL, '2025-10-18 09:25:28', '2025-10-18 09:28:01'),
(38, 'App\\Models\\NguoiDung', 2, 'api', '8c1a071581f0b90cc3698c397ba30bbaf8d3eb4e803c53e8e66b5dce3f27d2aa', '[\"*\"]', '2025-10-18 22:06:43', NULL, '2025-10-18 21:31:29', '2025-10-18 22:06:43'),
(39, 'App\\Models\\NguoiDung', 2, 'api', 'c95ad0f5e04f9738827399fccf0e67ebc2f572f16bbae477c0c8ef45f624a553', '[\"*\"]', '2025-10-19 04:16:03', NULL, '2025-10-19 03:44:20', '2025-10-19 04:16:03'),
(44, 'App\\Models\\NguoiDung', 2, 'api', '50c3d6672aae85ca577710260289c671ef7e5243699705c932d0afb52ab83327', '[\"*\"]', '2025-10-19 09:24:21', NULL, '2025-10-19 09:23:03', '2025-10-19 09:24:21'),
(47, 'App\\Models\\NguoiDung', 2, 'api', '6b12976251a2ee6069d12a4214caeaa4965fdc19db8bb44415befbb990d13105', '[\"*\"]', '2025-10-20 01:42:27', NULL, '2025-10-19 23:33:37', '2025-10-20 01:42:27'),
(48, 'App\\Models\\NguoiDung', 2, 'api', '7434b8ad8477e316b9b1ae2e9f92ad44b1a3d5163bae429f4b08eafda62a2e17', '[\"*\"]', '2025-10-21 20:34:52', NULL, '2025-10-21 20:30:55', '2025-10-21 20:34:52'),
(49, 'App\\Models\\NguoiDung', 2, 'api', '3a0a48d3611d31a340d39a6f16177300f4b1b3d1a6866699acfe02a03b4dea72', '[\"*\"]', '2025-10-21 20:38:56', NULL, '2025-10-21 20:38:47', '2025-10-21 20:38:56'),
(55, 'App\\Models\\NguoiDung', 2, 'api', 'f4a9de54a9df946eb676cf7d76b8114851f47775fbd292de94fc3ce0e2035439', '[\"*\"]', '2025-10-22 04:50:55', NULL, '2025-10-22 04:12:44', '2025-10-22 04:50:55'),
(57, 'App\\Models\\NguoiDung', 2, 'api', '442528373fa0f7a8dbfdc9ad7bfb382d6da2006ec8aedb85a80ff8f39c10b1a9', '[\"*\"]', '2025-10-22 08:38:56', NULL, '2025-10-22 07:17:14', '2025-10-22 08:38:56'),
(62, 'App\\Models\\NguoiDung', 2, 'api', '78f5b2f790faed74011c77601be291447ca7bb4468281772b72e654f0dd80fe4', '[\"*\"]', NULL, NULL, '2025-10-22 23:42:03', '2025-10-22 23:42:03'),
(63, 'App\\Models\\NguoiDung', 2, 'api', '6b7056f233bee6df099bc092d184e300ac6bc9e3314b7366389864aec2063456', '[\"*\"]', NULL, NULL, '2025-10-22 23:42:17', '2025-10-22 23:42:17'),
(64, 'App\\Models\\NguoiDung', 2, 'api', 'b3821d06283df0577e399122deb51a04655e02753a38c6558f52986317f2bc2c', '[\"*\"]', '2025-11-01 00:23:15', NULL, '2025-10-22 23:45:29', '2025-11-01 00:23:15'),
(66, 'App\\Models\\NguoiDung', 2, 'api_token', 'ce2255eb9df33d9dcf5bb2c743f86223126ec22ca9ec9ac6055faf40bf4417d9', '[\"chu_tro\"]', '2025-10-22 23:52:09', NULL, '2025-10-22 23:52:00', '2025-10-22 23:52:09'),
(68, 'App\\Models\\NguoiDung', 2, 'api', '5077bd1ccdd42645748eab1510c34420bde24169948cb577550d295f18426d2d', '[\"*\"]', '2025-10-23 01:59:02', NULL, '2025-10-23 00:36:03', '2025-10-23 01:59:02'),
(71, 'App\\Models\\NguoiDung', 2, 'api', '2c0f71e134ff17eeddae9fb9822c026d38ebef853ade7dd0d0418c8bbce2a9f9', '[\"*\"]', '2025-10-23 09:07:31', NULL, '2025-10-23 07:48:17', '2025-10-23 09:07:31'),
(73, 'App\\Models\\NguoiDung', 2, 'api', 'aeb9f4cf578f5d35943d4d3b585ab2490acd4276bd4e10ed7bdd7fb48f88e2de', '[\"*\"]', '2025-10-24 02:47:38', NULL, '2025-10-24 02:39:52', '2025-10-24 02:47:38'),
(74, 'App\\Models\\NguoiDung', 2, 'api', '3e95d2fe05a6bd6dfdee5a3443641cfdac4431779f8a66688efdd5a2b9900c79', '[\"*\"]', '2025-10-24 05:54:00', NULL, '2025-10-24 05:53:42', '2025-10-24 05:54:00'),
(76, 'App\\Models\\NguoiDung', 2, 'api', '9c5c896b1ad18e67743822bfc49b90bcb3e79c86ffd38b1e7e26c5bb65a141c1', '[\"*\"]', '2025-10-24 11:50:54', NULL, '2025-10-24 08:29:47', '2025-10-24 11:50:54'),
(80, 'App\\Models\\NguoiDung', 15, 'api', '602b59a89822a61be6d6759cc3c4a24e4b92e5251cc6f270bbd6debdcc17b8fe', '[\"*\"]', NULL, NULL, '2025-10-24 21:22:28', '2025-10-24 21:22:28'),
(88, 'App\\Models\\NguoiDung', 18, 'api', '8824fac8a32d37c79924f543c5ba1d3e2b0d535f17a26121ffa2f693f07977f2', '[\"*\"]', NULL, NULL, '2025-10-24 21:48:05', '2025-10-24 21:48:05'),
(95, 'App\\Models\\NguoiDung', 21, 'api', '48122a64148ae6cb57efaa4b4624480be4186d63e107e66847af762e7e3db2ef', '[\"*\"]', NULL, NULL, '2025-10-24 22:42:33', '2025-10-24 22:42:33'),
(97, 'App\\Models\\NguoiDung', 24, 'api', 'd6841ec398de359b22b742219639abe470c702a24406de5c1d649ec1a1a23e56', '[\"*\"]', NULL, NULL, '2025-10-24 22:50:15', '2025-10-24 22:50:15'),
(98, 'App\\Models\\NguoiDung', 25, 'api', '063300ec79c95eea4a8286d25e49cf2dd43fbd04d7977ba30be8a0e64b9782b0', '[\"*\"]', NULL, NULL, '2025-10-24 22:51:05', '2025-10-24 22:51:05'),
(101, 'App\\Models\\NguoiDung', 26, 'api', '4f4d998dc4eba55bc08589d6367d4e67e8a5ec1cba8a6e9976283ea75c57c1d3', '[\"*\"]', NULL, NULL, '2025-10-24 23:46:04', '2025-10-24 23:46:04'),
(104, 'App\\Models\\NguoiDung', 27, 'api', '0ede0ae035ede9864cc5b087a66a595a5b967a26e182935e0dff0f26ef331781', '[\"*\"]', NULL, NULL, '2025-10-25 00:45:35', '2025-10-25 00:45:35'),
(106, 'App\\Models\\NguoiDung', 2, 'api', '3b90fc9e6468ea733a5213747bdcfe94cf9bdb8f642f860bfc7996f679cde0e4', '[\"*\"]', '2025-10-25 01:02:01', NULL, '2025-10-25 00:45:58', '2025-10-25 01:02:01'),
(107, 'App\\Models\\NguoiDung', 2, 'api', '25767627866dceca1b19e036f8fe3e759241804eb704d4005afd6007ca6b61ae', '[\"*\"]', '2025-10-25 23:47:28', NULL, '2025-10-25 20:01:51', '2025-10-25 23:47:28'),
(108, 'App\\Models\\NguoiDung', 2, 'api', 'f2d7a9454f488f82d664d1eddb9809b0e9b286eb4432078724044aa4c53e0ba3', '[\"*\"]', '2025-10-26 06:53:37', NULL, '2025-10-26 06:21:47', '2025-10-26 06:53:37'),
(110, 'App\\Models\\NguoiDung', 1, 'api', '68f312e8f6761af0dc0288d4ac40572175c4ee3ad78a23b7751e9456c03400a0', '[\"*\"]', NULL, NULL, '2025-10-31 11:08:32', '2025-10-31 11:08:32'),
(113, 'App\\Models\\NguoiDung', 1, 'api', 'ce8f1c36ee907f0b809bf568f25496e85ff4a0e767ca2b41b1d5dce3f2d2841f', '[\"*\"]', NULL, NULL, '2025-10-31 19:16:03', '2025-10-31 19:16:03'),
(122, 'App\\Models\\NguoiDung', 4, 'api', '3940900a32b5e956f57ca05e2a7a784bc4554aaa8d726790842630028e119fe8', '[\"*\"]', '2025-10-31 21:20:15', NULL, '2025-10-31 21:20:15', '2025-10-31 21:20:15'),
(124, 'App\\Models\\NguoiDung', 4, 'api', '3c535a3b59e1d5db7b0c9a40333359f05ae8bc10fb1de9a83b311302f0268308', '[\"*\"]', '2025-10-31 21:36:20', NULL, '2025-10-31 21:36:20', '2025-10-31 21:36:20'),
(126, 'App\\Models\\NguoiDung', 4, 'api', 'a4325197b8e86619d95beb2688c57d6acc47a6599650f5ae1ca4e19d63597e13', '[\"*\"]', '2025-10-31 21:48:55', NULL, '2025-10-31 21:48:55', '2025-10-31 21:48:55'),
(132, 'App\\Models\\NguoiDung', 2, 'api', '8d7845e065c5c6e97ba25b94a1310d71da38085545f47880957fa2eef045e134', '[\"*\"]', '2025-10-31 22:42:09', NULL, '2025-10-31 22:41:51', '2025-10-31 22:42:09'),
(144, 'App\\Models\\NguoiDung', 4, 'view_hopdong', 'ca98f49c464432bd886b8ae5bb2f7e651141d842eb425cfc9deac5f678345560', '[\"read\"]', NULL, NULL, '2025-11-01 00:44:20', '2025-11-01 00:44:20'),
(145, 'App\\Models\\NguoiDung', 4, 'view_hopdong', '7f3d199bb8184144aab4813d4085776cd50e340a0ad469561984acd37d1fcde0', '[\"read\"]', NULL, NULL, '2025-11-01 00:44:23', '2025-11-01 00:44:23'),
(146, 'App\\Models\\NguoiDung', 4, 'view_hopdong', '3a98a862e28bd69f3e51b556ff869d09b7b430110790178e3d180d013d572dd1', '[\"read\"]', NULL, NULL, '2025-11-01 00:44:26', '2025-11-01 00:44:26'),
(147, 'App\\Models\\NguoiDung', 4, 'view_hopdong', '5b655f01e0735f67feac972f7268e0c1e7fb4ed0afead81e5ec4b30439f7a699', '[\"read\"]', NULL, NULL, '2025-11-01 00:47:53', '2025-11-01 00:47:53'),
(148, 'App\\Models\\NguoiDung', 4, 'view_hopdong', '3cf07cf3e88d1ab0e43080feec4772be835bdc0141d287a408cc9d6ca51a8279', '[\"read\"]', NULL, NULL, '2025-11-01 00:47:56', '2025-11-01 00:47:56'),
(149, 'App\\Models\\NguoiDung', 4, 'view_hopdong', 'e141f2c0f62f381f51f780de2fbcf89d230dba5077f1000c79828c60b17ee364', '[\"read\"]', NULL, NULL, '2025-11-01 00:47:58', '2025-11-01 00:47:58'),
(150, 'App\\Models\\NguoiDung', 4, 'view_hopdong', 'ba49fa9df16fd1fe18b807cc5cec79de1951a464459bc04aeb8027331babcaf4', '[\"read\"]', NULL, NULL, '2025-11-01 00:50:45', '2025-11-01 00:50:45'),
(151, 'App\\Models\\NguoiDung', 4, 'view_hopdong', '98c88c84c12620d05bf36c14754b8f0d53197ea7658c2853f5e68a6e83cda049', '[\"read\"]', NULL, NULL, '2025-11-01 00:50:50', '2025-11-01 00:50:50'),
(152, 'App\\Models\\NguoiDung', 4, 'view_hopdong', 'd85149b5a9934ed59a509bedd674c4ca05cedfcf809c3026f9fd38f314bf4644', '[\"read\"]', NULL, NULL, '2025-11-01 00:50:52', '2025-11-01 00:50:52'),
(153, 'App\\Models\\NguoiDung', 4, 'view_hopdong', '83cc3f4a11c1dd55e4915abe65bf1132edaeb38cd219817e8f465c653a100186', '[\"read\"]', NULL, NULL, '2025-11-01 00:53:23', '2025-11-01 00:53:23'),
(154, 'App\\Models\\NguoiDung', 4, 'view_hopdong', 'd9f58878190e26efd14616526b2d37aef56d8caacf50d9e846401debf6d463b0', '[\"read\"]', NULL, NULL, '2025-11-01 00:53:31', '2025-11-01 00:53:31'),
(155, 'App\\Models\\NguoiDung', 4, 'view_hopdong', 'bf7576cafe860f45e2113db22743a630973be7144e65eaad33873b8a76f0c356', '[\"read\"]', NULL, NULL, '2025-11-01 00:53:34', '2025-11-01 00:53:34'),
(156, 'App\\Models\\NguoiDung', 4, 'view_hopdong', 'e58ea65c84bb64031d721baa43e32ab4e06038bc1520fee14eb995611ccaa073', '[\"read\"]', NULL, NULL, '2025-11-01 00:53:37', '2025-11-01 00:53:37'),
(157, 'App\\Models\\NguoiDung', 4, 'view_hopdong', '5975b38347286dce521968dbcdc843e1e33862ef16bf8534ecd6c75f0c3715db', '[\"read\"]', NULL, NULL, '2025-11-01 00:55:30', '2025-11-01 00:55:30'),
(158, 'App\\Models\\NguoiDung', 4, 'view_hopdong', '26984261ca3e0ba8877b660bb92770f95dd879267628dbc9f3e5bb96b56db18b', '[\"read\"]', NULL, NULL, '2025-11-01 00:55:47', '2025-11-01 00:55:47'),
(159, 'App\\Models\\NguoiDung', 4, 'view_hopdong', '9af92e94d77af5d7a78580c7b5b17d6d52c7902385bf3b21634aad3494febfc8', '[\"read\"]', NULL, NULL, '2025-11-01 00:55:53', '2025-11-01 00:55:53'),
(161, 'App\\Models\\NguoiDung', 4, 'view_hopdong', '7aff0a81941b931db5d35f1e3af99480150fa25aaaf444cb634512ca8707ea07', '[\"read\"]', NULL, NULL, '2025-11-01 02:08:07', '2025-11-01 02:08:07'),
(162, 'App\\Models\\NguoiDung', 4, 'view_hopdong', 'b9b3591bf39182d2ea947a9f7a338b9578f74ee65afc14c349c32ba623f34e71', '[\"read\"]', NULL, NULL, '2025-11-01 02:20:53', '2025-11-01 02:20:53'),
(163, 'App\\Models\\NguoiDung', 4, 'view_hopdong', '2dd40464cc3a508795ab69295924baa286d39aa3d4e04af6e3848bf332c69d25', '[\"read\"]', NULL, NULL, '2025-11-01 02:34:34', '2025-11-01 02:34:34'),
(164, 'App\\Models\\NguoiDung', 4, 'view_hopdong', 'c398b18cfff665cea21b2befd35c6ee8f0a04452d2033932b016bd8f985f7383', '[\"read\"]', NULL, NULL, '2025-11-01 02:51:22', '2025-11-01 02:51:22'),
(165, 'App\\Models\\NguoiDung', 4, 'view_hopdong', 'b6bd831c85f4bfb3ef4825b3764deeff341d8e3462a8dc4cc7c947527ac94310', '[\"read\"]', NULL, NULL, '2025-11-01 02:54:14', '2025-11-01 02:54:14'),
(166, 'App\\Models\\NguoiDung', 4, 'view_hopdong', '2915a70ceac76374b72aa55834d74844f11fd78dd8ac7f2c7f4330fb64e302f7', '[\"read\"]', NULL, NULL, '2025-11-01 02:54:20', '2025-11-01 02:54:20'),
(167, 'App\\Models\\NguoiDung', 4, 'view_hopdong', 'db977b5beac5892a74abd9f9a0fea12bcbe183447909b08eb3acc54c7afa8e40', '[\"read\"]', NULL, NULL, '2025-11-01 04:19:30', '2025-11-01 04:19:30'),
(168, 'App\\Models\\NguoiDung', 4, 'view_hopdong', '7214d60499341ce207ccfee8c0a5359b5531eb4c78c0fab9ac633a4ac18a4988', '[\"read\"]', NULL, NULL, '2025-11-01 04:32:14', '2025-11-01 04:32:14'),
(169, 'App\\Models\\NguoiDung', 4, 'view_hopdong', '6398babd8c3cb0966a861efc27951beb698820258fccc32c6fb7f29d8e50ee04', '[\"read\"]', NULL, NULL, '2025-11-01 04:33:09', '2025-11-01 04:33:09'),
(170, 'App\\Models\\NguoiDung', 4, 'view_hopdong', '5d84f65a160c4a8943600da2676d9aec81a9b6bbca0d7976459fcd6b2c4fbe61', '[\"read\"]', NULL, NULL, '2025-11-01 04:33:34', '2025-11-01 04:33:34'),
(171, 'App\\Models\\NguoiDung', 4, 'view_hopdong', '3b77bde25ae3bfa50713aff3d426631732dde911dc3b99beb52a002b20a1526a', '[\"read\"]', NULL, NULL, '2025-11-01 04:38:03', '2025-11-01 04:38:03'),
(172, 'App\\Models\\NguoiDung', 4, 'view_hopdong', '32eb3c8a1a9bc0fba67075813d7d02cfe612661211f0e896f1a0e30b15a2d4bc', '[\"read\"]', NULL, NULL, '2025-11-01 04:38:22', '2025-11-01 04:38:22'),
(173, 'App\\Models\\NguoiDung', 4, 'view_hopdong', 'c5d83fe6a073b53c53c8659c7daea7cd8f22b1ac5361ddeacb426596924b1c6b', '[\"read\"]', NULL, NULL, '2025-11-01 04:38:22', '2025-11-01 04:38:22'),
(174, 'App\\Models\\NguoiDung', 4, 'view_hopdong', '949e02c6ccb0861f29b109f6f61243a3f17c0e4b5d1917b0e49f82d0c755abf2', '[\"read\"]', NULL, NULL, '2025-11-01 04:38:46', '2025-11-01 04:38:46'),
(175, 'App\\Models\\NguoiDung', 4, 'view_hopdong', '9823058292b39b204117adb38156761665474167bb5a371d365df5860ad59a1b', '[\"read\"]', NULL, NULL, '2025-11-01 04:42:08', '2025-11-01 04:42:08'),
(176, 'App\\Models\\NguoiDung', 4, 'view_hopdong', '88da87e03765a09b6266cad7435b843cd3c2d394d387f58a5cfb94021f3ec1ba', '[\"read\"]', NULL, NULL, '2025-11-01 04:48:15', '2025-11-01 04:48:15'),
(177, 'App\\Models\\NguoiDung', 4, 'view_hopdong', '3ddf7b0712cb05d33dc21aa97199291f93508231ec734af705dbb4fa880719da', '[\"read\"]', NULL, NULL, '2025-11-01 04:55:02', '2025-11-01 04:55:02'),
(178, 'App\\Models\\NguoiDung', 4, 'view_hopdong', '651dd1a4fcf69b824ce9c5e0deac368c62ef047760c9fb4e62bd0e708312add0', '[\"read\"]', NULL, NULL, '2025-11-01 04:55:06', '2025-11-01 04:55:06'),
(180, 'App\\Models\\NguoiDung', 5, 'view_hopdong', 'bd269955df64ff0fcf705774e77a0cfb38ea615b7b7b7755f9ac8cc7a34d5f5f', '[\"read\"]', NULL, NULL, '2025-11-01 04:56:12', '2025-11-01 04:56:12'),
(181, 'App\\Models\\NguoiDung', 5, 'view_hopdong', '4761010ac75f5e74f15f55d8c9645349b2a20cddbd30398c8430a34d1f67eb34', '[\"read\"]', NULL, NULL, '2025-11-01 04:56:23', '2025-11-01 04:56:23'),
(182, 'App\\Models\\NguoiDung', 5, 'view_hopdong', 'e07cccecd7476389ccc859a61b67264a19317dcc38cc13ef79f01c7bf87552b1', '[\"read\"]', NULL, NULL, '2025-11-01 04:56:34', '2025-11-01 04:56:34'),
(183, 'App\\Models\\NguoiDung', 5, 'view_hopdong', '03eac50bc543e749217be0c3d48f77e0c67b8a89c33d17ed61cd9b139c98b459', '[\"read\"]', NULL, NULL, '2025-11-01 04:56:45', '2025-11-01 04:56:45'),
(184, 'App\\Models\\NguoiDung', 5, 'view_hopdong', '6b87da4ed30c6d4161caf19d6a6cfdc64adce4f2dc12dd324e77ecd54b2f376f', '[\"read\"]', NULL, NULL, '2025-11-01 04:56:56', '2025-11-01 04:56:56'),
(186, 'App\\Models\\NguoiDung', 4, 'api', '469de1d8790dc0fcc07c572ec0408b76698fe3154b41df6fc1f8b6c946430824', '[\"*\"]', '2025-11-01 05:10:41', NULL, '2025-11-01 04:57:55', '2025-11-01 05:10:41'),
(187, 'App\\Models\\NguoiDung', 4, 'view_hopdong', '84df623ddeb9cdaf81a2f2f490560b05efed460cbcd6fd2bcdd812171ceafac5', '[\"read\"]', NULL, NULL, '2025-11-01 04:57:58', '2025-11-01 04:57:58'),
(188, 'App\\Models\\NguoiDung', 4, 'view_hopdong', 'fd1bd0df1499b32b602eba5576182b041cfa775d0e92ebc79eb0123f5743da17', '[\"read\"]', NULL, NULL, '2025-11-01 04:58:01', '2025-11-01 04:58:01'),
(189, 'App\\Models\\NguoiDung', 4, 'view_hopdong', '6d971863d8d4129cd26fe1e7fa1c7c1995c6bebe0aeb545265d1e8f3c7839be7', '[\"read\"]', NULL, NULL, '2025-11-01 05:03:43', '2025-11-01 05:03:43'),
(190, 'App\\Models\\NguoiDung', 4, 'view_hopdong', '44f800ab872352bc23d16f659b833ce7109af8fa076c5412e2d4ff30b817be53', '[\"read\"]', NULL, NULL, '2025-11-01 05:03:48', '2025-11-01 05:03:48'),
(191, 'App\\Models\\NguoiDung', 4, 'view_hopdong', '8d84753cd963c2b15b8876647dcaff61e57b6a92af9d191bb65181b0d8a878dc', '[\"read\"]', NULL, NULL, '2025-11-01 05:03:54', '2025-11-01 05:03:54'),
(192, 'App\\Models\\NguoiDung', 4, 'view_hopdong', '871799f89d9a0d702fee6d89a491f58d658ef817cbc364f53bd853f97e3384f6', '[\"read\"]', NULL, NULL, '2025-11-01 05:04:54', '2025-11-01 05:04:54'),
(193, 'App\\Models\\NguoiDung', 4, 'view_hopdong', '537f477f969291b2ccaa2f6f0d2ea042b32e556af17d71a1409527bcdb9cbad9', '[\"read\"]', NULL, NULL, '2025-11-01 05:05:06', '2025-11-01 05:05:06'),
(194, 'App\\Models\\NguoiDung', 4, 'view_hopdong', 'ffe0d969f42aa3ea78032a57fd031b49c00ec2ea8ea1552e14be7b5e7a16f1ee', '[\"read\"]', NULL, NULL, '2025-11-01 05:05:07', '2025-11-01 05:05:07'),
(195, 'App\\Models\\NguoiDung', 4, 'view_hopdong', '026c45946b689e4c428c2613957de86bfc3360044fe24d00b0b3acb36e4627f2', '[\"read\"]', NULL, NULL, '2025-11-01 05:07:41', '2025-11-01 05:07:41'),
(196, 'App\\Models\\NguoiDung', 4, 'view_hopdong', '05d5cd3cc8660cb8ccca72e0cc979be72698822d8165bed422848dee5b3d08d9', '[\"read\"]', NULL, NULL, '2025-11-01 05:10:41', '2025-11-01 05:10:41'),
(210, 'App\\Models\\NguoiDung', 1, 'api', '6af3e53b73c56bb1fbec7cdc674d5b0157e690e297efcf825efac446713243f3', '[\"*\"]', '2025-11-03 08:23:40', NULL, '2025-11-03 08:23:40', '2025-11-03 08:23:40'),
(223, 'App\\Models\\NguoiDung', 1, 'api', '450f315c8371fd8baa69816b0e4b58cc10efe4b4d0ec1ad80be59f3324098192', '[\"*\"]', '2025-11-04 02:42:47', NULL, '2025-11-04 02:42:23', '2025-11-04 02:42:47'),
(224, 'App\\Models\\NguoiDung', 4, 'api', 'f6efbbaf6e7d58606add51504a7fbba813d7b8ab7adb17e432c2f98562c1c4be', '[\"*\"]', '2025-11-04 07:03:38', NULL, '2025-11-04 07:03:29', '2025-11-04 07:03:38'),
(235, 'App\\Models\\NguoiDung', 2, 'api', '1d16c727bc3264eff3030e654e48173bf04d934500e175f40f0d5b9e7b66bd92', '[\"*\"]', '2025-11-04 21:10:46', NULL, '2025-11-04 21:09:37', '2025-11-04 21:10:46'),
(243, 'App\\Models\\NguoiDung', 4, 'view_hopdong', 'cff50766e6d104f6233f24cae83b83ad88d7a2915c56257f8cbded4c4bea7989', '[\"read\"]', NULL, NULL, '2025-11-04 21:39:01', '2025-11-04 21:39:01'),
(244, 'App\\Models\\NguoiDung', 4, 'view_hopdong', 'e5e1778cb21804520871f3c77a0c637ba6f299190035d2f093503c9ebebf9ed2', '[\"read\"]', NULL, NULL, '2025-11-04 21:41:04', '2025-11-04 21:41:04'),
(249, 'App\\Models\\NguoiDung', 4, 'view_hopdong', 'a4f5ef9be87635cefceb96aa0cd213c1cda100b9e39388a2a29cbabfad7b3747', '[\"read\"]', NULL, NULL, '2025-11-04 21:51:55', '2025-11-04 21:51:55'),
(258, 'App\\Models\\NguoiDung', 4, 'view_hopdong', '5db9e8eb25eb7fe977d56712358ee6314f236c7f3cd18b8084b169789ebb1652', '[\"read\"]', NULL, NULL, '2025-11-04 22:36:24', '2025-11-04 22:36:24'),
(264, 'App\\Models\\NguoiDung', 4, 'view_hopdong', 'ef12050d387a3804949110afec96541f28a416ad975116664aebefd07e716567', '[\"read\"]', NULL, NULL, '2025-11-04 23:15:20', '2025-11-04 23:15:20'),
(267, 'App\\Models\\NguoiDung', 4, 'view_hopdong', '8dbc00d27071e7929a3ef50c5c4f08ba6ab0527ed24c221a3e937a4c105ace54', '[\"read\"]', NULL, NULL, '2025-11-04 23:28:48', '2025-11-04 23:28:48'),
(270, 'App\\Models\\NguoiDung', 4, 'view_hopdong', '01628acd0e909f7af5aa8d704f7e455a32864c8451701a62317426c27effc9d4', '[\"read\"]', NULL, NULL, '2025-11-04 23:38:49', '2025-11-04 23:38:49'),
(274, 'App\\Models\\NguoiDung', 4, 'view_hopdong', '55ecbd6419086069f39b38f71b22ecd049bb38c5b56a75637fb6f0383e2737fd', '[\"read\"]', NULL, NULL, '2025-11-04 23:42:42', '2025-11-04 23:42:42'),
(277, 'App\\Models\\NguoiDung', 4, 'view_hopdong', 'c5593bfed331ab91bc8bdf1174845894c416fbcbee0b3101b9ec7efe78e744a8', '[\"read\"]', NULL, NULL, '2025-11-04 23:48:30', '2025-11-04 23:48:30'),
(278, 'App\\Models\\NguoiDung', 4, 'view_hopdong', 'd6e82dd375b66ce70441f4298859f8dd85ea4c73f3e8f5edb96f4f969f6f3099', '[\"read\"]', NULL, NULL, '2025-11-04 23:48:38', '2025-11-04 23:48:38'),
(279, 'App\\Models\\NguoiDung', 4, 'view_hopdong', '7e24deab184ba44a03b455aea515c9c7799c5b8a0b618d0950486782e7ff8732', '[\"read\"]', NULL, NULL, '2025-11-05 00:06:51', '2025-11-05 00:06:51'),
(280, 'App\\Models\\NguoiDung', 4, 'view_hopdong', '6509c78d91c919d20053794f9a19bcb3691d9a4c3a491771d790fc0ed2a674cd', '[\"read\"]', NULL, NULL, '2025-11-05 00:07:01', '2025-11-05 00:07:01'),
(281, 'App\\Models\\NguoiDung', 4, 'view_hopdong', '06e5e79f13f07f157e778e7354d1d24c5898b575e48c51dc45488b84f21b11ed', '[\"read\"]', NULL, NULL, '2025-11-05 00:08:50', '2025-11-05 00:08:50'),
(282, 'App\\Models\\NguoiDung', 4, 'view_hopdong', 'dda7b461fea966164b9d2c61c55bc64e2cb165f0e85218a3acd15195d28c43f3', '[\"read\"]', NULL, NULL, '2025-11-05 00:10:05', '2025-11-05 00:10:05'),
(283, 'App\\Models\\NguoiDung', 4, 'view_hopdong', '67d8ce7a5bf07319e30e66c9225cdd62d4aadfba8c207a39766e6cbbf25442ee', '[\"read\"]', NULL, NULL, '2025-11-05 00:14:13', '2025-11-05 00:14:13'),
(284, 'App\\Models\\NguoiDung', 4, 'view_hopdong', '915a00df26932ed7522a370ef53670836d751e1d4a33ffe6d238b68a0fcf6a22', '[\"read\"]', NULL, NULL, '2025-11-05 00:15:55', '2025-11-05 00:15:55'),
(285, 'App\\Models\\NguoiDung', 4, 'view_hopdong', 'd1f178b7ed951263d0d3c490e7f19a1aa80bfab9ea4c99d11f4f5b8ea0e59331', '[\"read\"]', NULL, NULL, '2025-11-05 00:16:09', '2025-11-05 00:16:09'),
(287, 'App\\Models\\NguoiDung', 4, 'view_hopdong', '557b5ec710c0f6d4611bfd841a6d3ab915dfc8a0b4ba685de01b0cb9dd16a069', '[\"read\"]', NULL, NULL, '2025-11-05 00:18:44', '2025-11-05 00:18:44'),
(288, 'App\\Models\\NguoiDung', 4, 'view_hopdong', 'e9c3ad02ed600423a47d0deae3b2b623849ad1243a629c4d615f014621dfec34', '[\"read\"]', NULL, NULL, '2025-11-05 00:31:07', '2025-11-05 00:31:07'),
(289, 'App\\Models\\NguoiDung', 4, 'view_hopdong', '130a649fda679169bdf42b3a0d144858bc33c19a70109528245a4695c3457b91', '[\"read\"]', NULL, NULL, '2025-11-05 00:34:10', '2025-11-05 00:34:10'),
(290, 'App\\Models\\NguoiDung', 4, 'view_hopdong', '353af79c203e769f35c3b4769a0420820c1d92b12720d416486095f249ea014f', '[\"read\"]', NULL, NULL, '2025-11-05 00:44:08', '2025-11-05 00:44:08'),
(293, 'App\\Models\\NguoiDung', 4, 'view_hopdong', 'c795f35a79d7a313392cfdd392a6259988143cae205e06f1b8f32b3101a86eaa', '[\"read\"]', NULL, NULL, '2025-11-05 00:49:12', '2025-11-05 00:49:12'),
(294, 'App\\Models\\NguoiDung', 4, 'view_hopdong', '243d5974304fe42cfb27053add4ef358a2616b7be3f9c48a8d2e67b1cda2fa1e', '[\"read\"]', NULL, NULL, '2025-11-05 00:54:45', '2025-11-05 00:54:45'),
(295, 'App\\Models\\NguoiDung', 4, 'view_hopdong', 'a2e43baedd927fc7e97d7825033382cfe5a393e697a734dc0c6799ac43371ca6', '[\"read\"]', NULL, NULL, '2025-11-05 00:58:30', '2025-11-05 00:58:30'),
(296, 'App\\Models\\NguoiDung', 4, 'view_hopdong', '99dab47ec34ecc6ea3354a35667203ff247841eb0eac7112fc0dd6d4664c3ae4', '[\"read\"]', NULL, NULL, '2025-11-05 01:00:48', '2025-11-05 01:00:48'),
(297, 'App\\Models\\NguoiDung', 4, 'view_hopdong', '79cedf19c87cd3c6a88993f2f436bd7fa4e89aeb7ce45e0d2912ed6f43e35e8c', '[\"read\"]', NULL, NULL, '2025-11-05 01:05:20', '2025-11-05 01:05:20'),
(298, 'App\\Models\\NguoiDung', 2, 'api', 'c316fca5153ade5dd7fdec76877ce0caf83809240daeda0ef9b6e53853b842d5', '[\"*\"]', '2025-11-05 01:19:18', NULL, '2025-11-05 01:16:56', '2025-11-05 01:19:18'),
(301, 'App\\Models\\NguoiDung', 4, 'view_hopdong', '3430d93c29d9e6c2fce1dbc6e6ac6fb96851ffa566779a7c6cf97aaa3d752662', '[\"read\"]', NULL, NULL, '2025-11-05 04:42:51', '2025-11-05 04:42:51'),
(302, 'App\\Models\\NguoiDung', 4, 'view_hopdong', '4b80734db0b494c434b20ba5163235292b6dc12f11826ccb5014690fa0a99f43', '[\"read\"]', NULL, NULL, '2025-11-05 04:43:13', '2025-11-05 04:43:13'),
(303, 'App\\Models\\NguoiDung', 4, 'view_hopdong', '7656d1bde2426768e8d16f3d80a0dbbaec936d8a64da0c68fcefe8a777af445c', '[\"read\"]', NULL, NULL, '2025-11-05 04:43:26', '2025-11-05 04:43:26'),
(304, 'App\\Models\\NguoiDung', 4, 'view_hopdong', 'bb7e2f2314292b076d507fc9af7de7e8a8be86a7fe90b8f8a52d09ace8b668fd', '[\"read\"]', NULL, NULL, '2025-11-05 04:43:31', '2025-11-05 04:43:31'),
(305, 'App\\Models\\NguoiDung', 4, 'view_hopdong', '628a584b3397333ede0bdca685fbdbcf6461f3bb0d1d7fd83b2bd31320532733', '[\"read\"]', NULL, NULL, '2025-11-05 04:43:38', '2025-11-05 04:43:38'),
(306, 'App\\Models\\NguoiDung', 4, 'view_hopdong', '219423571ba685ac15d7de36abe4dc1fe2d8fd76c02f02dbecb4c2ea5b6a9b48', '[\"read\"]', NULL, NULL, '2025-11-05 04:43:48', '2025-11-05 04:43:48'),
(307, 'App\\Models\\NguoiDung', 4, 'view_hopdong', '262e8bafe709a93b60bf3c07998d4c044782a5d1c698987a2a37ed7949d116e4', '[\"read\"]', NULL, NULL, '2025-11-05 05:18:20', '2025-11-05 05:18:20'),
(308, 'App\\Models\\NguoiDung', 4, 'view_hopdong', '2668707e7818b6b342f5d2300495fc3e0d1cfdeadd0f03fd3182cf6488a5f96e', '[\"read\"]', NULL, NULL, '2025-11-05 05:25:03', '2025-11-05 05:25:03'),
(311, 'App\\Models\\NguoiDung', 4, 'view_hopdong', 'cf20b158f254fedd49e2d926c654dcba3b61e537cca059883741f8b96aa941f8', '[\"read\"]', NULL, NULL, '2025-11-05 05:29:09', '2025-11-05 05:29:09'),
(312, 'App\\Models\\NguoiDung', 4, 'view_hopdong', 'd0b7f445dc3bf2076f8cf922d18d5ee2961ce669a757309d1aa470c55b32736c', '[\"read\"]', NULL, NULL, '2025-11-05 05:31:20', '2025-11-05 05:31:20'),
(313, 'App\\Models\\NguoiDung', 4, 'view_hopdong', '73c5cf582c26b3fb4667bf5ee4e9c855797bb095fe9240d5de9d71471b4da350', '[\"read\"]', NULL, NULL, '2025-11-05 05:37:30', '2025-11-05 05:37:30'),
(314, 'App\\Models\\NguoiDung', 4, 'view_hopdong', '82556fe1a4b8705b496162413948313393333e58491190395bb9f57d79d32f62', '[\"read\"]', NULL, NULL, '2025-11-05 05:38:15', '2025-11-05 05:38:15'),
(315, 'App\\Models\\NguoiDung', 4, 'view_hopdong', '2a36589ffae93bd36aa41511a70dd7c91d7247e5c679e5121ec33b90ba3aaacc', '[\"read\"]', NULL, NULL, '2025-11-05 05:42:11', '2025-11-05 05:42:11'),
(316, 'App\\Models\\NguoiDung', 4, 'view_hopdong', '4040679b6b4d0940a09878919c720453cbac4e4534a3d3fe4858c141d674a545', '[\"read\"]', NULL, NULL, '2025-11-05 05:43:15', '2025-11-05 05:43:15'),
(317, 'App\\Models\\NguoiDung', 4, 'view_hopdong', '4d245389b005e7145bc7e1df612ad3387f53662c015518c4877a16cbbd7ce724', '[\"read\"]', NULL, NULL, '2025-11-05 05:47:14', '2025-11-05 05:47:14'),
(318, 'App\\Models\\NguoiDung', 4, 'view_hopdong', '0f8b782536a96a9e0572378710739d8bd8981a8feb9c106c616f00c7c0b1454f', '[\"read\"]', NULL, NULL, '2025-11-05 06:06:48', '2025-11-05 06:06:48'),
(319, 'App\\Models\\NguoiDung', 4, 'view_hopdong', 'aaa0fb8f34135027af7287fcd1a1303ad24d32521701633abe2cc1a2e2ee4cf8', '[\"read\"]', NULL, NULL, '2025-11-05 06:10:41', '2025-11-05 06:10:41'),
(320, 'App\\Models\\NguoiDung', 4, 'view_hopdong', '9a3dda849e3ce03247b5f9d9d9277c41f443f09f14da9e8be065ac52ca2c4778', '[\"read\"]', NULL, NULL, '2025-11-05 06:12:45', '2025-11-05 06:12:45'),
(321, 'App\\Models\\NguoiDung', 4, 'view_hopdong', 'fa292bc780fa3324afd38c80158e79e752b9961113100846e431bbedfa11ff8a', '[\"read\"]', NULL, NULL, '2025-11-05 06:26:05', '2025-11-05 06:26:05'),
(322, 'App\\Models\\NguoiDung', 4, 'view_hopdong', 'af0456202ac3c74811bb7006c6a7904a9e417c20517c7a1e7190e8f9b3d67787', '[\"read\"]', NULL, NULL, '2025-11-05 06:32:12', '2025-11-05 06:32:12'),
(325, 'App\\Models\\NguoiDung', 4, 'view_hopdong', 'e2d222053c77e6e7e8995500900e26a18e897323623da5e0df7466c0e8ec7be3', '[\"read\"]', NULL, NULL, '2025-11-05 07:29:15', '2025-11-05 07:29:15'),
(328, 'App\\Models\\NguoiDung', 4, 'view_hopdong', '5bffc1531a9b0a74b7f0e938092887c06d199b7a129a10966a540646c55d4daf', '[\"read\"]', NULL, NULL, '2025-11-05 07:56:14', '2025-11-05 07:56:14'),
(329, 'App\\Models\\NguoiDung', 4, 'view_hopdong', '065086d7be818f80f6fd74a0079014e85d6a4ead33b3fe056812fbcb1aa2451a', '[\"read\"]', NULL, NULL, '2025-11-05 07:56:22', '2025-11-05 07:56:22'),
(330, 'App\\Models\\NguoiDung', 4, 'view_hopdong', '403501097976048042c8dbab6a103406aa220fa70f14aae2964debb3f51a28d3', '[\"read\"]', NULL, NULL, '2025-11-05 07:56:34', '2025-11-05 07:56:34'),
(333, 'App\\Models\\NguoiDung', 4, 'view_hopdong', 'dbbd59caa68bc571433a57cc0e32445657997e5e292b0d066f08a9b3b0780987', '[\"read\"]', NULL, NULL, '2025-11-05 08:09:37', '2025-11-05 08:09:37'),
(334, 'App\\Models\\NguoiDung', 4, 'view_hopdong', 'ef0a418bdf570c3e8d5d2df7ed16afb39a431c70dffa849e90d67878a97e9f4b', '[\"read\"]', NULL, NULL, '2025-11-05 08:10:38', '2025-11-05 08:10:38'),
(337, 'App\\Models\\NguoiDung', 4, 'view_hopdong', 'a797b9507631595575e0271225cba30ea166e489623d7559b5495c645693affb', '[\"read\"]', NULL, NULL, '2025-11-05 08:19:34', '2025-11-05 08:19:34'),
(338, 'App\\Models\\NguoiDung', 4, 'view_hopdong', '47b73fcc79a9c40aa6cd4c9ed11792747b64e96ab064574be053a446ccef5f4d', '[\"read\"]', NULL, NULL, '2025-11-05 08:19:40', '2025-11-05 08:19:40'),
(339, 'App\\Models\\NguoiDung', 4, 'view_hopdong', '98bf7f54f5ddec361285d8ec0ac244b41c6675bff971654ad483541016bbc9d2', '[\"read\"]', NULL, NULL, '2025-11-05 08:23:22', '2025-11-05 08:23:22'),
(346, 'App\\Models\\NguoiDung', 4, 'view_hopdong', 'c7391e057049d5bed77cad557de930f35ea2e318a363fc3d7835d9e5ca803017', '[\"read\"]', NULL, NULL, '2025-11-05 08:47:32', '2025-11-05 08:47:32'),
(347, 'App\\Models\\NguoiDung', 4, 'view_hopdong', 'd8ff5d0da8ce24feda789d8b2bb30ee8d7326e4c9a43efe5b489c0be3df61da2', '[\"read\"]', NULL, NULL, '2025-11-05 08:47:43', '2025-11-05 08:47:43'),
(348, 'App\\Models\\NguoiDung', 4, 'view_hopdong', '512f0a9561e73e6d35ce85fd7e1d76a8eea00eeb5861a0d197753b39cf3a098b', '[\"read\"]', NULL, NULL, '2025-11-05 08:48:15', '2025-11-05 08:48:15'),
(349, 'App\\Models\\NguoiDung', 4, 'view_hopdong', '25397f773cb5331947c2f3f64a5e75150931afe601223e46d5cd0a4496abf754', '[\"read\"]', NULL, NULL, '2025-11-05 08:48:25', '2025-11-05 08:48:25'),
(351, 'App\\Models\\NguoiDung', 4, 'api', '82ce3a024ef0d35027b43b31ea60669767192bbb2b0688c858272179571444a1', '[\"*\"]', '2025-11-05 08:50:26', NULL, '2025-11-05 08:49:48', '2025-11-05 08:50:26'),
(352, 'App\\Models\\NguoiDung', 4, 'view_hopdong', 'cb02360ebd9818d160cf7b668b81796e5cae330f8f5f4d8d6bd52ead7e1f638e', '[\"read\"]', NULL, NULL, '2025-11-05 08:49:51', '2025-11-05 08:49:51'),
(353, 'App\\Models\\NguoiDung', 4, 'view_hopdong', '86cf6b94bac22e1f4b9ecb631e30d8d28c01071c9de91d4c36530ca0acb8238e', '[\"read\"]', NULL, NULL, '2025-11-05 08:50:05', '2025-11-05 08:50:05'),
(354, 'App\\Models\\NguoiDung', 4, 'view_hopdong', '7dfa586ac73d7a9ac11dda500c78463ac88cf4b76001fbbd932988e7d674da81', '[\"read\"]', NULL, NULL, '2025-11-05 08:50:13', '2025-11-05 08:50:13'),
(357, 'App\\Models\\NguoiDung', 4, 'view_hopdong', 'dad6d350f9cf85903bcbd70382e3647353c6196473f721d57ecb866e833c7395', '[\"read\"]', NULL, NULL, '2025-11-05 09:06:38', '2025-11-05 09:06:38'),
(358, 'App\\Models\\NguoiDung', 4, 'view_hopdong', '6d4a0bee848e1d5d01f6edb9b2533faa3d64410e3b1f4de839d66c6083f9fda9', '[\"read\"]', NULL, NULL, '2025-11-05 09:06:45', '2025-11-05 09:06:45'),
(359, 'App\\Models\\NguoiDung', 4, 'view_hopdong', '7fef77421a4965ae8e066408d69cbde1124767072bb3f2c1c1f9b940fca2650e', '[\"read\"]', NULL, NULL, '2025-11-05 09:06:48', '2025-11-05 09:06:48'),
(361, 'App\\Models\\NguoiDung', 4, 'api', '7733a3b86d1c95ef763ffa6ad413cf77967cebe2605538574cc6642ec0a7ab1b', '[\"*\"]', '2025-11-05 09:11:41', NULL, '2025-11-05 09:11:26', '2025-11-05 09:11:41'),
(362, 'App\\Models\\NguoiDung', 4, 'view_hopdong', '887abd7ab568bb0923e66ff7f89d1af2781870ae8e0d4fc2584d4951447fa121', '[\"read\"]', NULL, NULL, '2025-11-05 09:11:29', '2025-11-05 09:11:29'),
(363, 'App\\Models\\NguoiDung', 4, 'view_hopdong', 'bee61fa8a84a3c5e34e61fdf0e211d7532fd1af436b4f7f2ef3da14c3252d3d4', '[\"read\"]', NULL, NULL, '2025-11-05 09:11:34', '2025-11-05 09:11:34'),
(364, 'App\\Models\\NguoiDung', 4, 'view_hopdong', 'a89b06950da3ba8ae33c68df5136f8e6307b1801fdebbfd8e5527423b661f7f2', '[\"read\"]', NULL, NULL, '2025-11-05 09:11:40', '2025-11-05 09:11:40'),
(367, 'App\\Models\\NguoiDung', 4, 'view_hopdong', 'b756c1e73a9db8673899c192552175c83c0e937c757d75dab404ec4cc2822b86', '[\"read\"]', NULL, NULL, '2025-11-07 00:13:25', '2025-11-07 00:13:25'),
(370, 'App\\Models\\NguoiDung', 4, 'view_hopdong', '6acd60de08777cac4de1bcffc9e1772e89ff7727b2b9dfc5318220c24dc314ac', '[\"read\"]', NULL, NULL, '2025-11-07 00:32:43', '2025-11-07 00:32:43'),
(373, 'App\\Models\\NguoiDung', 4, 'view_hopdong', '831ff3dee4ec6731d47c66498896acd9fcef4c4d9ae708557f0951b015015fb7', '[\"read\"]', NULL, NULL, '2025-11-07 00:40:02', '2025-11-07 00:40:02'),
(374, 'App\\Models\\NguoiDung', 4, 'view_hopdong', '6acaa2351ac9560cb6cbf663e3c1991e7f7b3ab2abea09926a0efd7765bf54ab', '[\"read\"]', NULL, NULL, '2025-11-07 00:40:05', '2025-11-07 00:40:05'),
(376, 'App\\Models\\NguoiDung', 4, 'api', 'f9b1aa65664a64fcc6d20fdd6c469ac9393937cf61d814f25f5d69140341187b', '[\"*\"]', '2025-11-07 00:41:20', NULL, '2025-11-07 00:41:19', '2025-11-07 00:41:20'),
(378, 'App\\Models\\NguoiDung', 4, 'view_hopdong', 'b8a4634199da3efdad1884747f03b0badc9089871e0752e1ff08f0e1f260c429', '[\"read\"]', NULL, NULL, '2025-11-07 00:41:23', '2025-11-07 00:41:23'),
(379, 'App\\Models\\NguoiDung', 4, 'view_hopdong', '646cd7636028754e3f146673e2a212119d9d3108ae0fb41d16611fdf58f90046', '[\"read\"]', NULL, NULL, '2025-11-07 00:41:24', '2025-11-07 00:41:24'),
(382, 'App\\Models\\NguoiDung', 4, 'view_hopdong', '15905828d42ec6e3e7d1a519557327421c930411d9af16709a2cc4107dc455ea', '[\"read\"]', NULL, NULL, '2025-11-07 02:12:03', '2025-11-07 02:12:03'),
(385, 'App\\Models\\NguoiDung', 4, 'view_hopdong', '0901a952e54be300e09592a3362de3ecfa74b86fa6bc5faa307a93b9e40dbf64', '[\"read\"]', NULL, NULL, '2025-11-07 02:21:55', '2025-11-07 02:21:55'),
(386, 'App\\Models\\NguoiDung', 4, 'view_hopdong', 'fbfdbfb1bce61ba374c588571fe582d32026b8c8d28730bf15c77b517f972343', '[\"read\"]', NULL, NULL, '2025-11-07 02:22:06', '2025-11-07 02:22:06'),
(389, 'App\\Models\\NguoiDung', 4, 'view_hopdong', '66130eb60be2dfb39c11714c7439f3c1c341fc0fb95a8c46d7297021736a4895', '[\"read\"]', NULL, NULL, '2025-11-07 02:31:09', '2025-11-07 02:31:09'),
(392, 'App\\Models\\NguoiDung', 4, 'view_hopdong', 'd6e81077c5d9691694d16763e602122eb10c22abf3bfc44f1e884e1cd5ccb6de', '[\"read\"]', NULL, NULL, '2025-11-07 02:35:30', '2025-11-07 02:35:30'),
(394, 'App\\Models\\NguoiDung', 4, 'api', '79d67ca7a6f2ea47c6ba082242d8e31aed9e03e5a749b95f50d047e80afcd124', '[\"*\"]', '2025-11-07 02:49:55', NULL, '2025-11-07 02:42:28', '2025-11-07 02:49:55'),
(395, 'App\\Models\\NguoiDung', 4, 'view_hopdong', 'f8cb2f814e64285a01fdfd122ce2252f537c60cc5aad336837691f066a065ce5', '[\"read\"]', NULL, NULL, '2025-11-07 02:42:30', '2025-11-07 02:42:30'),
(398, 'App\\Models\\NguoiDung', 4, 'view_hopdong', '2438d2d09d47dbe874bd8f0fc98ee83a671fe3bfc5163c8492b4cef491cd4eba', '[\"read\"]', NULL, NULL, '2025-11-07 07:32:18', '2025-11-07 07:32:18'),
(401, 'App\\Models\\NguoiDung', 4, 'view_hopdong', '55dcad6aa96f7525b8eab984711f7c5e2f381326f753c627f22a6085c95cf3ea', '[\"read\"]', NULL, NULL, '2025-11-07 07:47:42', '2025-11-07 07:47:42'),
(404, 'App\\Models\\NguoiDung', 4, 'view_hopdong', '235c864b48d6f2c0446edcbe4939cf27d6be4027c9f1f405449a8ab4a214611f', '[\"read\"]', NULL, NULL, '2025-11-07 08:16:36', '2025-11-07 08:16:36'),
(405, 'App\\Models\\NguoiDung', 4, 'view_hopdong', '6edd760b600dd5711d40fd20c66c3f58341d9abe51c36ef67eccfcce7711a549', '[\"read\"]', NULL, NULL, '2025-11-07 08:16:58', '2025-11-07 08:16:58'),
(408, 'App\\Models\\NguoiDung', 4, 'view_hopdong', 'ab5485007abb4dd409572516f62a7a7e60cb3aff0a33fba14fc532dcabc77c56', '[\"read\"]', NULL, NULL, '2025-11-07 08:18:30', '2025-11-07 08:18:30'),
(411, 'App\\Models\\NguoiDung', 4, 'view_hopdong', '51780229d92002896f3f5ddfffbb80f188b10ccfcc80977e90410207ae4b6f60', '[\"read\"]', NULL, NULL, '2025-11-07 08:21:07', '2025-11-07 08:21:07'),
(412, 'App\\Models\\NguoiDung', 4, 'view_hopdong', '172d910cb9790eb1cf16858031ffb82c19374d4c7dd1a2b1a199d8ef3f3acd7e', '[\"read\"]', NULL, NULL, '2025-11-07 08:25:11', '2025-11-07 08:25:11'),
(414, 'App\\Models\\NguoiDung', 4, 'view_hopdong', '05a352c3a19d0e5788eacdf742c2edfd91310e835c1fe6d825e94c864caa1d77', '[\"read\"]', NULL, NULL, '2025-11-07 08:25:50', '2025-11-07 08:25:50'),
(417, 'App\\Models\\NguoiDung', 4, 'view_hopdong', 'c689655d0128be294fd13488bedb6995901eb5ec4f7921cb79c42dd6f72fefe3', '[\"read\"]', NULL, NULL, '2025-11-07 08:26:48', '2025-11-07 08:26:48'),
(418, 'App\\Models\\NguoiDung', 4, 'view_hopdong', '1fa72da9a6fd213324e62c9ed7ee1f01291bb8c0272ad7a1554de471f0be7ee2', '[\"read\"]', NULL, NULL, '2025-11-07 08:27:15', '2025-11-07 08:27:15'),
(421, 'App\\Models\\NguoiDung', 4, 'view_hopdong', '5a8e55f8f28a0fcf6ebf2a08b91b672fc468cb771a0fda1e178602ed7bc0617f', '[\"read\"]', NULL, NULL, '2025-11-07 08:28:07', '2025-11-07 08:28:07'),
(422, 'App\\Models\\NguoiDung', 4, 'view_hopdong', '332d5174b7c08e7d61f2805ab57cf471fdb9f8564eaca5977c6c9e4b27c6b44a', '[\"read\"]', NULL, NULL, '2025-11-07 08:28:23', '2025-11-07 08:28:23'),
(423, 'App\\Models\\NguoiDung', 4, 'view_hopdong', '50b62005406e189b97d083ce2d2ed30fdc29f82e1e1adec6a9036f01c45c4951', '[\"read\"]', NULL, NULL, '2025-11-07 08:42:53', '2025-11-07 08:42:53'),
(426, 'App\\Models\\NguoiDung', 4, 'view_hopdong', 'd6a5f1b65b4447da82eba3f61d1c86c8620c8cbe4bacf24131ba01267a8d82c0', '[\"read\"]', NULL, NULL, '2025-11-07 08:46:18', '2025-11-07 08:46:18'),
(429, 'App\\Models\\NguoiDung', 4, 'view_hopdong', '741e0115b58cf4a65b1d307c1b97fa1b8c99e3fab484ff6b64ac87cf2c415f50', '[\"read\"]', NULL, NULL, '2025-11-07 08:49:09', '2025-11-07 08:49:09'),
(430, 'App\\Models\\NguoiDung', 4, 'view_hopdong', 'd56890c133ab840a3e2b77837c474aee7fecf1253de8a5940b84ff74dde11866', '[\"read\"]', NULL, NULL, '2025-11-07 08:49:16', '2025-11-07 08:49:16'),
(433, 'App\\Models\\NguoiDung', 4, 'view_hopdong', 'faffe148b17a725c77aa2da7733b6cc692b1df4ac593d3b1fd51065a06fe8992', '[\"read\"]', NULL, NULL, '2025-11-07 08:51:53', '2025-11-07 08:51:53'),
(436, 'App\\Models\\NguoiDung', 4, 'view_hopdong', '7d0f266f221b4af1f748311d048d60f72132a9f0db7b58002cb3b709a332de79', '[\"read\"]', NULL, NULL, '2025-11-07 09:00:27', '2025-11-07 09:00:27'),
(439, 'App\\Models\\NguoiDung', 4, 'view_hopdong', '553f9691b31077a6a92d6c7d4482afbf32f972db37c14a4d8b2fd475a2f07498', '[\"read\"]', NULL, NULL, '2025-11-07 09:40:09', '2025-11-07 09:40:09'),
(440, 'App\\Models\\NguoiDung', 4, 'view_hopdong', 'efc44de26aa0ac8221f06e50cf15fda0baa376267918a8d916d7579e912c0832', '[\"read\"]', NULL, NULL, '2025-11-07 09:40:21', '2025-11-07 09:40:21'),
(442, 'App\\Models\\NguoiDung', 4, 'view_hopdong', '8a62c9a4b27e15323f4629ce4a8cbacdc62eeba428842a0ed62d5e98d70de5a7', '[\"read\"]', NULL, NULL, '2025-11-07 09:41:23', '2025-11-07 09:41:23'),
(445, 'App\\Models\\NguoiDung', 4, 'view_hopdong', '961b16f5d50e7b38abcaa22a066616412c2f868023cbb518e231541f3180d09c', '[\"read\"]', NULL, NULL, '2025-11-07 09:42:25', '2025-11-07 09:42:25'),
(448, 'App\\Models\\NguoiDung', 4, 'view_hopdong', '04523456d7ffb56452b5b2a6518f2b7daae46be593dd2d2b30a843251f362ee7', '[\"read\"]', NULL, NULL, '2025-11-07 09:45:40', '2025-11-07 09:45:40'),
(451, 'App\\Models\\NguoiDung', 4, 'view_hopdong', '44549f53135269708a693390e29150cd6fb65c6e7eefe07034c6d9c90f64ef55', '[\"read\"]', NULL, NULL, '2025-11-07 09:46:59', '2025-11-07 09:46:59'),
(454, 'App\\Models\\NguoiDung', 4, 'view_hopdong', '1db56003b59a1d8880e7a8272ed8361d01427ec92428b87e6f8028185949739f', '[\"read\"]', NULL, NULL, '2025-11-07 10:10:29', '2025-11-07 10:10:29'),
(457, 'App\\Models\\NguoiDung', 4, 'view_hopdong', '7d6b3d399e0aa6564012e4d80b742fb52b2463c12c79202896486754d8df9f4e', '[\"read\"]', NULL, NULL, '2025-11-07 10:11:57', '2025-11-07 10:11:57'),
(462, 'App\\Models\\NguoiDung', 4, 'view_hopdong', '851bdb1ede9bb187c0d952e2cb0dd172007570c485f38e51992f4d6d86dcfb30', '[\"read\"]', NULL, NULL, '2025-11-07 10:16:35', '2025-11-07 10:16:35'),
(463, 'App\\Models\\NguoiDung', 2, 'api', 'd3ddbacada1123dca7941dfc280b1c0838430d0873dac80ae4d825b94db15cc8', '[\"*\"]', '2025-11-07 10:17:11', NULL, '2025-11-07 10:17:02', '2025-11-07 10:17:11'),
(464, 'App\\Models\\NguoiDung', 2, 'api', '04b7f9bb58609d662ad2f720de08407ccbe5807f0fa50fbb28bb931ab2fd0c3d', '[\"*\"]', '2025-11-07 20:30:30', NULL, '2025-11-07 20:30:28', '2025-11-07 20:30:30'),
(468, 'App\\Models\\NguoiDung', 4, 'view_hopdong', '6f9ff011231c1d8408bd5078bd9c333fe585bff958bcbc1de0f9fc08dcc31838', '[\"read\"]', NULL, NULL, '2025-11-07 20:38:51', '2025-11-07 20:38:51'),
(472, 'App\\Models\\NguoiDung', 4, 'view_hopdong', '4e061bb5298e500374991e66f49ba0845904b6a54d79354ed136bc4bc2f54bba', '[\"read\"]', NULL, NULL, '2025-11-07 20:40:33', '2025-11-07 20:40:33'),
(478, 'App\\Models\\NguoiDung', 4, 'view_hopdong', 'ce45b0fb57e84f039c077426a3663c0272a80f8e41a58810aa8b1e79a801980e', '[\"read\"]', NULL, NULL, '2025-11-07 21:14:44', '2025-11-07 21:14:44'),
(481, 'App\\Models\\NguoiDung', 4, 'view_hopdong', '1927636f52be3402e185dd3afd606fd985b571d2c2973d492fb101599882b0c8', '[\"read\"]', NULL, NULL, '2025-11-07 21:16:12', '2025-11-07 21:16:12'),
(482, 'App\\Models\\NguoiDung', 2, 'api', '31a178041d53464970a1e63d85cb088c053728bbb61e77b15ac3c9306e3a05d4', '[\"*\"]', '2025-11-07 21:16:49', NULL, '2025-11-07 21:16:48', '2025-11-07 21:16:49'),
(487, 'App\\Models\\NguoiDung', 4, 'view_hopdong', 'bc971862ab4faceb845cb7e014800232fa52d0e661cc9bca85063ee517901103', '[\"read\"]', NULL, NULL, '2025-11-07 21:19:34', '2025-11-07 21:19:34'),
(490, 'App\\Models\\NguoiDung', 4, 'view_hopdong', '47b13d58382e58240461b3972bb5be2c0d302390bc42bf42c4c253390e7dd400', '[\"read\"]', NULL, NULL, '2025-11-07 21:20:39', '2025-11-07 21:20:39'),
(493, 'App\\Models\\NguoiDung', 4, 'view_hopdong', 'ec7d3421617cc9fbe003616ca01176a49a523a232ef21ba781b47b0d1ba42f36', '[\"read\"]', NULL, NULL, '2025-11-07 21:28:32', '2025-11-07 21:28:32'),
(496, 'App\\Models\\NguoiDung', 4, 'view_hopdong', 'd7d2ae7ad57ef8c30fecef27b1bccecdd90b301bca344540eb05cd38eedc06ec', '[\"read\"]', NULL, NULL, '2025-11-07 21:30:17', '2025-11-07 21:30:17'),
(499, 'App\\Models\\NguoiDung', 4, 'view_hopdong', '7ecde26c07d821dd58e356bea7d9f9aa8909b5f4085f5e11e30173716c9ddffa', '[\"read\"]', NULL, NULL, '2025-11-07 21:38:09', '2025-11-07 21:38:09'),
(500, 'App\\Models\\NguoiDung', 4, 'view_hopdong', '0aa3ad38a07758495ea22b62afb6c9abdbc669bbfa63b0f31b62d87a525197a2', '[\"read\"]', NULL, NULL, '2025-11-07 21:38:10', '2025-11-07 21:38:10'),
(503, 'App\\Models\\NguoiDung', 4, 'view_hopdong', '44011bff11e51462c374e548e522123e6048b8c13ced008db8bf320174ff3e3c', '[\"read\"]', NULL, NULL, '2025-11-07 21:39:42', '2025-11-07 21:39:42'),
(509, 'App\\Models\\NguoiDung', 4, 'view_hopdong', '781c79ed0fd0a35a1729558e239a55f3e446bf7feacfa07d9aee38aeda683b8b', '[\"read\"]', NULL, NULL, '2025-11-07 21:44:06', '2025-11-07 21:44:06'),
(512, 'App\\Models\\NguoiDung', 4, 'view_hopdong', '0d6270f34c971b60493335751661ddd030453c4c3d422fb917115129cdc16057', '[\"read\"]', NULL, NULL, '2025-11-07 21:45:17', '2025-11-07 21:45:17'),
(515, 'App\\Models\\NguoiDung', 4, 'view_hopdong', 'd2db28d8f63b174aa4a75e9af34b333025215c81cdc6140f44e14268fcc9984c', '[\"read\"]', NULL, NULL, '2025-11-07 21:48:48', '2025-11-07 21:48:48'),
(518, 'App\\Models\\NguoiDung', 4, 'view_hopdong', '13826110a2b37f5bfed5eaca2dd502a75c0ddf70fbc41c6e898fad3494771ea4', '[\"read\"]', NULL, NULL, '2025-11-07 21:49:55', '2025-11-07 21:49:55'),
(519, 'App\\Models\\NguoiDung', 4, 'view_hopdong', '8bf23596f3f57fdc8e5c8a33ee61f7b2a35ddc4f6a44dec4a1f2cf3e9e332fef', '[\"read\"]', NULL, NULL, '2025-11-07 21:49:56', '2025-11-07 21:49:56'),
(522, 'App\\Models\\NguoiDung', 4, 'view_hopdong', '1316a1839abcd264a0ffb65be0b29d801fd4d38cb6563f66898b3fc37d4b4c43', '[\"read\"]', NULL, NULL, '2025-11-07 21:59:44', '2025-11-07 21:59:44'),
(525, 'App\\Models\\NguoiDung', 4, 'view_hopdong', 'fe026cfffcda1c64666b02852d1bc65a670cbe52f61c7028136802ec69eb897b', '[\"read\"]', NULL, NULL, '2025-11-07 22:00:58', '2025-11-07 22:00:58'),
(526, 'App\\Models\\NguoiDung', 4, 'view_hopdong', 'fe0dba7ae896fc79b17f697cae5be49b659cec2695ce8ae5a21683b619527dcc', '[\"read\"]', NULL, NULL, '2025-11-07 22:01:00', '2025-11-07 22:01:00'),
(531, 'App\\Models\\NguoiDung', 4, 'view_hopdong', 'e6071bdcef834cecbdd0f694d39887254f9d793cef04df4d2f343f91a79883fe', '[\"read\"]', NULL, NULL, '2025-11-07 22:06:17', '2025-11-07 22:06:17'),
(536, 'App\\Models\\NguoiDung', 4, 'view_hopdong', '76b4583e01ac73ceddd77463a0ba85d96f2a1e567ee557629862db51d1fce561', '[\"read\"]', NULL, NULL, '2025-11-07 22:11:20', '2025-11-07 22:11:20'),
(539, 'App\\Models\\NguoiDung', 4, 'view_hopdong', 'dd2a84ba837ef778875587d512bf41e3588bb7a45f81aa2f075b95e9c8b330e6', '[\"read\"]', NULL, NULL, '2025-11-07 22:12:56', '2025-11-07 22:12:56'),
(542, 'App\\Models\\NguoiDung', 2, 'api', '1a5a40532a0c0558c4ef6fb2f894c2f5a08b01863ca8f911c1f1fdac74fdcabd', '[\"*\"]', '2025-11-07 22:14:47', NULL, '2025-11-07 22:14:47', '2025-11-07 22:14:47'),
(545, 'App\\Models\\NguoiDung', 4, 'view_hopdong', '2e35be39d0eba1edd3986b4becd6ad41ef2b8e43b3f01be8971189e675b86a75', '[\"read\"]', NULL, NULL, '2025-11-07 22:15:29', '2025-11-07 22:15:29'),
(546, 'App\\Models\\NguoiDung', 2, 'api', '191c26711048fb11f44d1fd03effbe64cbd8eab9ae3de3067078d524b748fb47', '[\"*\"]', '2025-11-07 22:16:01', NULL, '2025-11-07 22:15:48', '2025-11-07 22:16:01'),
(549, 'App\\Models\\NguoiDung', 4, 'view_hopdong', '619e8d583b3eb9fe61d6ced57896e640f4a8247cd8787b77c53639dbf84931d6', '[\"read\"]', NULL, NULL, '2025-11-08 01:29:18', '2025-11-08 01:29:18'),
(550, 'App\\Models\\NguoiDung', 4, 'view_hopdong', '3e940daa2d906f95058edd25da632013a29ebce7109f7c2a73731016d6cf76c9', '[\"read\"]', NULL, NULL, '2025-11-08 01:30:04', '2025-11-08 01:30:04'),
(554, 'App\\Models\\NguoiDung', 4, 'view_hopdong', 'eae187a033208c9444478253f45ec6df3539602b493491cf776041b11fede8fb', '[\"read\"]', NULL, NULL, '2025-11-08 01:32:15', '2025-11-08 01:32:15'),
(557, 'App\\Models\\NguoiDung', 4, 'view_hopdong', '83677fdff2abfac46d0f9d5fddbaf40a3811979f948c546d169b8a9708264340', '[\"read\"]', NULL, NULL, '2025-11-08 01:33:13', '2025-11-08 01:33:13'),
(562, 'App\\Models\\NguoiDung', 4, 'view_hopdong', 'ac2995881162f35179faa27801fba4ec1a3113bb693c48d394b2116d5635e029', '[\"read\"]', NULL, NULL, '2025-11-08 01:46:04', '2025-11-08 01:46:04'),
(565, 'App\\Models\\NguoiDung', 4, 'view_hopdong', '240e64a238a14446808227d46fbd5792033843fa0db35e160918889779e93c18', '[\"read\"]', NULL, NULL, '2025-11-08 01:47:00', '2025-11-08 01:47:00'),
(568, 'App\\Models\\NguoiDung', 4, 'api', '25bb522530caebacaf87451be7211c19929bb07e9513d26324b5e9c661ae14bb', '[\"*\"]', '2025-11-08 02:14:13', NULL, '2025-11-08 02:13:56', '2025-11-08 02:14:13'),
(578, 'App\\Models\\NguoiDung', 4, 'view_hopdong', '8068a164171081c69903d6567a5101b857a45b9df77af62b215561d1cdd29342', '[\"read\"]', NULL, NULL, '2025-11-08 06:09:42', '2025-11-08 06:09:42'),
(581, 'App\\Models\\NguoiDung', 4, 'view_hopdong', '5e78a8547263bf00c8af9b2608d4243c18a778309aa4ddd7bb3f8c8d99bd53f2', '[\"read\"]', NULL, NULL, '2025-11-08 06:10:34', '2025-11-08 06:10:34'),
(586, 'App\\Models\\NguoiDung', 4, 'view_hopdong', 'bcecbad7cbe55a0227573288d874fcfcd23b8b5e9d02aff7c21f8556103f4264', '[\"read\"]', NULL, NULL, '2025-11-08 06:38:57', '2025-11-08 06:38:57'),
(589, 'App\\Models\\NguoiDung', 5, 'view_hopdong', '2a4631db3cf939f0a98c12b5889240e03d813eed965f0723585bbe3d54fb8973', '[\"read\"]', NULL, NULL, '2025-11-08 06:40:42', '2025-11-08 06:40:42'),
(591, 'App\\Models\\NguoiDung', 4, 'view_hopdong', '6f693ec3693d802d797c7973f1a2c13b23ac20571edfab0e0243b7a8132c5605', '[\"read\"]', NULL, NULL, '2025-11-08 06:41:24', '2025-11-08 06:41:24'),
(592, 'App\\Models\\NguoiDung', 4, 'view_hopdong', '0085ea57cb23bcdbb4431639e67fee5d3008920632bb98972cd1df84e0332ecb', '[\"read\"]', NULL, NULL, '2025-11-08 06:43:49', '2025-11-08 06:43:49'),
(593, 'App\\Models\\NguoiDung', 4, 'view_hopdong', 'b8567ed89326216cebaf900913b3afa5263b97fc0ca1ad4b56cffb3f7d2ad32e', '[\"read\"]', NULL, NULL, '2025-11-08 06:47:33', '2025-11-08 06:47:33'),
(594, 'App\\Models\\NguoiDung', 4, 'api', '03e3f4a7cac4eb11805b260931ac42b5d99e25dab26207c0b37e57c6309e0d2b', '[\"*\"]', '2025-11-08 07:27:17', NULL, '2025-11-08 06:58:54', '2025-11-08 07:27:17'),
(595, 'App\\Models\\NguoiDung', 4, 'view_hopdong', 'e5c0ff0e27a23055e5fdb6fb8dc993054eb71f322840f2ef6c91526251ff9925', '[\"read\"]', NULL, NULL, '2025-11-08 06:58:56', '2025-11-08 06:58:56'),
(596, 'App\\Models\\NguoiDung', 4, 'view_hopdong', '8f9ca93834cab7d647fd535a9bd61feb44e785bc3cce07a3dd58838e0fcfa218', '[\"read\"]', NULL, NULL, '2025-11-08 07:02:10', '2025-11-08 07:02:10'),
(597, 'App\\Models\\NguoiDung', 4, 'view_hopdong', 'c9ae8516442ac057e82d64c47ed4e49b977b73002a4d417803f0c1b215e353c6', '[\"read\"]', NULL, NULL, '2025-11-08 07:18:06', '2025-11-08 07:18:06'),
(598, 'App\\Models\\NguoiDung', 4, 'view_hopdong', '79bd269011801cd5fa620ddbf9f36cae419885d32f914a049be36c9772512246', '[\"read\"]', NULL, NULL, '2025-11-08 07:23:38', '2025-11-08 07:23:38'),
(601, 'App\\Models\\NguoiDung', 3, 'api', '75facb48d6bdc42e95f71b48f05193cd399048219270709bf764421830e00096', '[\"*\"]', '2025-11-09 13:12:00', NULL, '2025-11-09 13:11:56', '2025-11-09 13:12:00'),
(602, 'App\\Models\\NguoiDung', 1, 'api', '6ad323f7c19366ddce47cd359fbb55874bfb9d2ea49a7956906ef3bb6ef52483', '[\"*\"]', '2025-11-09 14:09:16', NULL, '2025-11-09 13:35:47', '2025-11-09 14:09:16'),
(604, 'App\\Models\\NguoiDung', 3, 'api', '72be36e1757f9ccaeeff427cf9292cc4f4aa820814619a1ae4f255bfa7faaeda', '[\"*\"]', '2025-11-09 14:33:38', NULL, '2025-11-09 14:33:37', '2025-11-09 14:33:38'),
(605, 'App\\Models\\NguoiDung', 3, 'api', '5c2282aba6852ed256471c10e1db59a4e931c7bebb882d2d660d0d9397d12f5a', '[\"*\"]', '2025-11-09 14:36:39', NULL, '2025-11-09 14:34:07', '2025-11-09 14:36:39');
INSERT INTO `personal_access_tokens` (`id`, `tokenable_type`, `tokenable_id`, `name`, `token`, `abilities`, `last_used_at`, `expires_at`, `created_at`, `updated_at`) VALUES
(606, 'App\\Models\\NguoiDung', 3, 'api', '798443160e2d8edb609f48a3ce5558aa419575f27a07f54f1e634be567b8b778', '[\"*\"]', '2025-11-09 14:49:08', NULL, '2025-11-09 14:49:05', '2025-11-09 14:49:08'),
(608, 'App\\Models\\NguoiDung', 5, 'view_hopdong', 'deee9b6b76d7032b5e49d719582f7337a58889f3814950428280a5dc63c7aaa9', '[\"read\"]', NULL, NULL, '2025-11-09 15:03:15', '2025-11-09 15:03:15'),
(609, 'App\\Models\\NguoiDung', 5, 'view_hopdong', '7ec84c87b93566d2227a41a91dc561ade7d91d491d0624864d2b4172716c670a', '[\"read\"]', NULL, NULL, '2025-11-09 15:03:38', '2025-11-09 15:03:38'),
(610, 'App\\Models\\NguoiDung', 5, 'view_hopdong', '9e61f40cce31dcb204d257ca01c2ad7c84983cf3aa850706157d6af4723663a6', '[\"read\"]', NULL, NULL, '2025-11-09 15:03:51', '2025-11-09 15:03:51'),
(611, 'App\\Models\\NguoiDung', 5, 'view_hopdong', '5a101c48b04287317fcad1a547c58638dd6485bf3b61b8375f81b9f57e22f9bd', '[\"read\"]', NULL, NULL, '2025-11-09 15:04:05', '2025-11-09 15:04:05'),
(612, 'App\\Models\\NguoiDung', 5, 'view_hopdong', 'a9e7a4afb15ca4be58368678d2a77bba4b9d5175d417789db11b2bf930d54ba2', '[\"read\"]', NULL, NULL, '2025-11-09 15:13:47', '2025-11-09 15:13:47'),
(613, 'App\\Models\\NguoiDung', 5, 'view_hopdong', 'b044d90905f2186e185c5fd82eec28bd40dc66ebb51e0ab99283316c3f987b3a', '[\"read\"]', NULL, NULL, '2025-11-09 15:13:53', '2025-11-09 15:13:53'),
(614, 'App\\Models\\NguoiDung', 5, 'view_hopdong', '4863c41996090587d09458efd7b27a91977be5ffc3f14a3fa676278da7ae2cb6', '[\"read\"]', NULL, NULL, '2025-11-09 15:14:13', '2025-11-09 15:14:13'),
(615, 'App\\Models\\NguoiDung', 5, 'view_hopdong', '0509be4aea593297c8bebda4c34937b5576318726a9ab3fa917ccdfe0e7eb33e', '[\"read\"]', NULL, NULL, '2025-11-09 15:16:53', '2025-11-09 15:16:53'),
(616, 'App\\Models\\NguoiDung', 5, 'view_hopdong', '208ff4b07f2848d7314c3ed47c4f9b04d61107cce68cc0d45576fd8fe8cecb71', '[\"read\"]', NULL, NULL, '2025-11-09 15:22:03', '2025-11-09 15:22:03'),
(617, 'App\\Models\\NguoiDung', 5, 'view_hopdong', '17a94bc9c77debe0d682aaf05fa686586c608b215a59421b534dc1575187f5c4', '[\"read\"]', NULL, NULL, '2025-11-09 15:25:52', '2025-11-09 15:25:52'),
(619, 'App\\Models\\NguoiDung', 27, 'view_hopdong', '38350d0025b77ef4ab4bde9110d07ef60149068c908b5b0f970a22614ed34574', '[\"read\"]', NULL, NULL, '2025-11-09 16:45:39', '2025-11-09 16:45:39'),
(620, 'App\\Models\\NguoiDung', 5, 'api', '798e83a0f059de644de3e2d3d7a3099db3bf9ca4f6525b25657a0841b5adc1f2', '[\"*\"]', '2025-11-09 16:53:06', NULL, '2025-11-09 16:53:02', '2025-11-09 16:53:06'),
(621, 'App\\Models\\NguoiDung', 5, 'view_hopdong', '7ea846f148e792d94a75266c59d302f784f60d8a019b3bbae1927c07c0c5684a', '[\"read\"]', NULL, NULL, '2025-11-09 16:53:05', '2025-11-09 16:53:05'),
(623, 'App\\Models\\NguoiDung', 5, 'view_hopdong', '0efe4dc93641c3b78ed37bf000fdfcbd5a61d6f8de2e7979dcef40d123e8476a', '[\"read\"]', NULL, NULL, '2025-11-09 16:53:38', '2025-11-09 16:53:38'),
(624, 'App\\Models\\NguoiDung', 5, 'view_hopdong', 'cec03c72804f945d95714519a83822b000484bb486d4ce7fc86838ca8b2085a2', '[\"read\"]', NULL, NULL, '2025-11-09 17:00:38', '2025-11-09 17:00:38'),
(627, 'App\\Models\\NguoiDung', 27, 'view_hopdong', '5ca697a3f5e58f680c7359a2a7a11afc60ec4d78e1361166ab00e826fa390310', '[\"read\"]', NULL, NULL, '2025-11-09 17:04:05', '2025-11-09 17:04:05'),
(628, 'App\\Models\\NguoiDung', 27, 'view_hopdong', '4e8443273a9a3ff4071ea7b36afca2ba8df7a9562c84e38f1cb0b96491642698', '[\"read\"]', NULL, NULL, '2025-11-09 17:04:06', '2025-11-09 17:04:06'),
(632, 'App\\Models\\NguoiDung', 5, 'api', '6a2e1b5e32708e2ec4f9c11ca9d2bf483920c731bb44ca278c05ea1b4f9a2ab4', '[\"*\"]', '2025-11-09 17:12:22', NULL, '2025-11-09 17:12:13', '2025-11-09 17:12:22'),
(633, 'App\\Models\\NguoiDung', 28, 'api', '0bafec45b9485e84167b7893ca8437e5255ae06e7ce5e71e3a8ab17d848a1e48', '[\"*\"]', NULL, NULL, '2025-11-16 15:07:05', '2025-11-16 15:07:05'),
(634, 'App\\Models\\NguoiDung', 27, 'api', '878aba2398a4a70ac0bdc4ed3f0e61a0026c3a18c15b24d814724ded69c984c1', '[\"*\"]', '2025-11-16 16:44:00', NULL, '2025-11-16 15:54:12', '2025-11-16 16:44:00'),
(635, 'App\\Models\\NguoiDung', 27, 'view_hopdong', '252b3cbe9bb8d168965258b06cd0582a831c549fdb0fe48c5c22e6e6039eff54', '[\"read\"]', NULL, NULL, '2025-11-16 15:54:25', '2025-11-16 15:54:25'),
(636, 'App\\Models\\NguoiDung', 1, 'api', '9d0ac907fdf81d07b544c67efd6e95cbc4e1e230810fcf8a821b6af1462ae1b3', '[\"*\"]', '2025-11-16 16:26:27', NULL, '2025-11-16 15:55:31', '2025-11-16 16:26:27'),
(637, 'App\\Models\\NguoiDung', 27, 'api', '5881ddba928b88bb97d0bf44247fa9b30e4398996994d209efac07cd950ff784', '[\"*\"]', '2025-11-17 23:09:24', NULL, '2025-11-17 23:02:17', '2025-11-17 23:09:24'),
(638, 'App\\Models\\NguoiDung', 27, 'view_hopdong', '13056d3ae6efe62f2485adc634d4e98b95aee2259a4eaac3adb0ec8c3c1d6532', '[\"read\"]', NULL, NULL, '2025-11-17 23:05:00', '2025-11-17 23:05:00'),
(639, 'App\\Models\\NguoiDung', 1, 'api', '52dca786b037eb8b62361934570f5107c25af27cf85bdea2dfa533fe16f8cf97', '[\"*\"]', '2025-11-17 23:13:33', NULL, '2025-11-17 23:12:00', '2025-11-17 23:13:33'),
(640, 'App\\Models\\NguoiDung', 206, 'api', '0b05958e1ea1f4078da5732f583271ee3a38ff09a5aaceeffc56a9de82ee9e67', '[\"*\"]', NULL, NULL, '2025-11-19 06:11:55', '2025-11-19 06:11:55'),
(642, 'App\\Models\\NguoiDung', 206, 'view_hopdong', '4229ba614a545b504dc58a80fb3b602f8b17906aa911546aa308098b5f83a867', '[\"read\"]', NULL, NULL, '2025-11-19 06:15:51', '2025-11-19 06:15:51'),
(643, 'App\\Models\\NguoiDung', 206, 'view_hopdong', '550366c7929275d479961c6012e016f24fa523e8545e942213023ec5fee7cced', '[\"read\"]', NULL, NULL, '2025-11-19 06:15:57', '2025-11-19 06:15:57'),
(645, 'App\\Models\\NguoiDung', 4, 'view_hopdong', '09225303967f45046e3fe9de9bde23c8c4e054b05963752bae03f60c7ebade8f', '[\"read\"]', NULL, NULL, '2025-11-19 06:19:39', '2025-11-19 06:19:39'),
(646, 'App\\Models\\NguoiDung', 4, 'view_hopdong', 'e6010495dc91f6441db5c12667352498a31122cfd4f52cb637860b85e9f2931e', '[\"read\"]', NULL, NULL, '2025-11-19 06:19:51', '2025-11-19 06:19:51'),
(647, 'App\\Models\\NguoiDung', 2, 'api', 'b853d701b373718a49f5840bcd2d4fcc0766da03b8ec04bc8c9c7eafc2bc5d85', '[\"*\"]', '2025-11-19 06:38:15', NULL, '2025-11-19 06:20:58', '2025-11-19 06:38:15'),
(648, 'App\\Models\\NguoiDung', 1, 'api', '25de423d6384ca29f84334a2fe5a4e3fed240259bf9409de8576bf66df6cd81e', '[\"*\"]', '2025-11-19 06:27:13', NULL, '2025-11-19 06:23:30', '2025-11-19 06:27:13'),
(649, 'App\\Models\\NguoiDung', 27, 'api', 'c6e320544edcf29b4a84c089b67d86d5fe18124b1275a523e681fce3ff48b34f', '[\"*\"]', '2025-11-25 03:40:31', NULL, '2025-11-25 03:17:00', '2025-11-25 03:40:31'),
(650, 'App\\Models\\NguoiDung', 27, 'view_hopdong', 'e9f19a1450e4107fab0676a98dc431b8f7b0ca79a881ef39349b24c2f1caea20', '[\"read\"]', NULL, NULL, '2025-11-25 03:40:30', '2025-11-25 03:40:30'),
(652, 'App\\Models\\NguoiDung', 27, 'api', '46517ea5ab7fe5c55b6db69440a78cee365ef466cb49ba7a2bebf636337610d8', '[\"*\"]', '2025-11-25 07:24:20', NULL, '2025-11-25 05:52:46', '2025-11-25 07:24:20'),
(653, 'App\\Models\\NguoiDung', 27, 'api', 'c6edce20faa8568676a95e6cb065d1dbb70e137cb49465864cd57f15c7dd5273', '[\"*\"]', '2025-11-25 07:47:13', NULL, '2025-11-25 07:24:44', '2025-11-25 07:47:13'),
(654, 'App\\Models\\NguoiDung', 27, 'api', '42bd3e7984f1fd1ce6fe672a3015812b6796c62028338d47685424ae17cf2c16', '[\"*\"]', '2025-11-25 13:06:37', NULL, '2025-11-25 10:09:17', '2025-11-25 13:06:37'),
(655, 'App\\Models\\NguoiDung', 27, 'view_hopdong', 'f24db8a681f18d41fbf40906d914e25794e694f78f6bec0307916ab7adc4eb7b', '[\"read\"]', NULL, NULL, '2025-11-25 10:10:03', '2025-11-25 10:10:03'),
(656, 'App\\Models\\NguoiDung', 27, 'view_hopdong', '680a1be3cb68b41deacbb0b41926abb19ea8cec6b86f1fdca091b0892e1ebd4f', '[\"read\"]', NULL, NULL, '2025-11-25 10:10:07', '2025-11-25 10:10:07'),
(657, 'App\\Models\\NguoiDung', 27, 'view_hopdong', 'fe82512f9fa46dd42409bba756a35bbaddb9c0d0830ebbf131b86bbc2e528f03', '[\"read\"]', NULL, NULL, '2025-11-25 12:53:39', '2025-11-25 12:53:39'),
(658, 'App\\Models\\NguoiDung', 27, 'view_hopdong', '02828fb0d467ad5a9a4fcc72747aacb72d5d287266444af719d5562aced70ab4', '[\"read\"]', NULL, NULL, '2025-11-25 13:06:08', '2025-11-25 13:06:08'),
(659, 'App\\Models\\NguoiDung', 27, 'view_hopdong', '08332184c76b114cdbd7321cd3d3b2a57bdad204f6fbb546229e92a8de436848', '[\"read\"]', NULL, NULL, '2025-11-25 13:06:14', '2025-11-25 13:06:14'),
(661, 'App\\Models\\NguoiDung', 27, 'view_hopdong', '00ac4dbf163cc91639ac509d434f4efd55a7e8c5aa4e469a14e49f05d3e7a117', '[\"read\"]', NULL, NULL, '2025-11-28 07:13:13', '2025-11-28 07:13:13'),
(662, 'App\\Models\\NguoiDung', 27, 'view_hopdong', '97b59ce0bbabb50a40f6995f6922536f4baf4a797c8b6e830ca607a889f9afa4', '[\"read\"]', NULL, NULL, '2025-11-28 07:17:15', '2025-11-28 07:17:15'),
(663, 'App\\Models\\NguoiDung', 27, 'view_hopdong', '69cd198b6a42e8179e7ee6f0feed18f75fc3ede4ed380e97b634f779f8768b6d', '[\"read\"]', NULL, NULL, '2025-11-28 07:17:57', '2025-11-28 07:17:57'),
(667, 'App\\Models\\NguoiDung', 3, 'api', 'c782a4a09f665e21f182a0bdd6688e782e7692c84b53c5306194968636527384', '[\"*\"]', '2025-11-28 08:43:49', NULL, '2025-11-28 08:36:35', '2025-11-28 08:43:49'),
(669, 'App\\Models\\NguoiDung', 3, 'api', '39c525f8b6306191e79806e07f4ba9fabff8df53e0bc004e69aaa5fb355a34bf', '[\"*\"]', '2025-11-29 20:56:23', NULL, '2025-11-29 20:49:30', '2025-11-29 20:56:23'),
(670, 'App\\Models\\NguoiDung', 1, 'api', '0b237f81650e13e2e48580b47f9d300c2d583d86ec2c6003f56bc8daf0cb6c9d', '[\"*\"]', '2025-11-29 20:54:31', NULL, '2025-11-29 20:52:45', '2025-11-29 20:54:31'),
(671, 'App\\Models\\NguoiDung', 27, 'api', '99b8cff0ce24bdf1a5a08c9e7410652596f99502f2e0c5310880a3f89ad41a5d', '[\"*\"]', '2025-11-30 08:03:06', NULL, '2025-11-30 06:20:57', '2025-11-30 08:03:06'),
(672, 'App\\Models\\NguoiDung', 27, 'api', 'df6009813ec19a2f98069a1c02ce69c29cec46350db3fc54457bcc4a3a823359', '[\"*\"]', '2025-12-01 01:21:47', NULL, '2025-12-01 00:51:07', '2025-12-01 01:21:47'),
(674, 'App\\Models\\NguoiDung', 3, 'api', 'ab00486c5692c5b7cda26cec96162b4a414d3e15650c3259907977bdeb40252a', '[\"*\"]', '2025-12-01 06:26:49', NULL, '2025-12-01 05:24:43', '2025-12-01 06:26:49'),
(675, 'App\\Models\\NguoiDung', 27, 'api', 'ab519a42968ea604df2534e469987f0852f9a0b36eaa9a8839d14e7fe853a34d', '[\"*\"]', '2025-12-01 23:24:44', NULL, '2025-12-01 23:24:33', '2025-12-01 23:24:44'),
(677, 'App\\Models\\NguoiDung', 27, 'view_hopdong', 'fbd7248593ac72e0ca31ddd1bc535a06c22ca12b795881b3f466c55473bc6c2a', '[\"read\"]', NULL, NULL, '2025-12-01 23:27:20', '2025-12-01 23:27:20'),
(678, 'App\\Models\\NguoiDung', 27, 'view_hopdong', 'a9b03a5f4cae1bc8c73d653d9729aec44526020b607497c1fcc25605683c0abd', '[\"read\"]', NULL, NULL, '2025-12-01 23:45:22', '2025-12-01 23:45:22'),
(679, 'App\\Models\\NguoiDung', 3, 'api', '88b7b06cbac73943dab65f1cc8ce448299751e8c6a66f4ebd598e493664c3793', '[\"*\"]', '2025-12-01 23:58:39', NULL, '2025-12-01 23:47:08', '2025-12-01 23:58:39'),
(680, 'App\\Models\\NguoiDung', 1, 'api', '3cce63dbf20232cd87008b61da8137257807f2bc3dee814bc525fc2b67f26542', '[\"*\"]', '2025-12-01 23:51:52', NULL, '2025-12-01 23:48:08', '2025-12-01 23:51:52'),
(681, 'App\\Models\\NguoiDung', 2, 'auth_token', 'e685a7e4e151e342a5a84569f6556c58c4708aa34be454e113d8c2ddd762985b', '[\"*\"]', '2025-12-21 21:44:27', NULL, '2025-12-21 21:44:25', '2025-12-21 21:44:27'),
(684, 'App\\Models\\NguoiDung', 27, 'view_hopdong', '063cff2ad285dafae26f61aa8f36632da36532d8dd7feb6d59d972dc23ec1001', '[\"read\"]', NULL, NULL, '2025-12-22 08:02:42', '2025-12-22 08:02:42'),
(690, 'App\\Models\\NguoiDung', 27, 'api', '5eb652a5aac045f1acfa7ed7494917c62f9d450eb447aa9997fbdedaa3fc2e21', '[\"*\"]', '2025-12-22 08:19:38', NULL, '2025-12-22 08:19:24', '2025-12-22 08:19:38'),
(692, 'App\\Models\\NguoiDung', 27, 'api', 'c07ea6194672ed8d05bf45f64a4d3ad353af2474cc79fd01a443e504821be596', '[\"*\"]', '2025-12-22 08:20:44', NULL, '2025-12-22 08:20:43', '2025-12-22 08:20:44'),
(696, 'App\\Models\\NguoiDung', 27, 'view_hopdong', '6ebd90318894a75c84fd7a49e488dc03abddefffb77397d827dc6b210633908d', '[\"read\"]', NULL, NULL, '2025-12-22 08:37:40', '2025-12-22 08:37:40'),
(697, 'App\\Models\\NguoiDung', 27, 'view_hopdong', '17f19f0ffb7721ba9f1619214028862037bf9965aa8740fa3fb39bf9565bcc2c', '[\"read\"]', NULL, NULL, '2025-12-22 08:37:53', '2025-12-22 08:37:53'),
(698, 'App\\Models\\NguoiDung', 27, 'view_hopdong', 'ecd6e40e2c4de4064225a235662de31da3317f4ece2bcf074b07dcec452178ef', '[\"read\"]', NULL, NULL, '2025-12-22 08:38:40', '2025-12-22 08:38:40'),
(699, 'App\\Models\\NguoiDung', 27, 'view_hopdong', 'e3e475505646a725a549ddfc7077d29d937f9424959651ead172d89315fe070c', '[\"read\"]', NULL, NULL, '2025-12-22 08:39:06', '2025-12-22 08:39:06'),
(702, 'App\\Models\\NguoiDung', 27, 'view_hopdong', '9c882b6e905a51f27dd5e473434ef144b88f463bd7ff3338ccb5c89f5d126a58', '[\"read\"]', NULL, NULL, '2025-12-22 08:48:50', '2025-12-22 08:48:50'),
(703, 'App\\Models\\NguoiDung', 27, 'view_hopdong', 'a3630f06fe8ee0c2ad396de0a18a570330a1489ad4e291816639c1a1a490e352', '[\"read\"]', NULL, NULL, '2025-12-22 08:49:01', '2025-12-22 08:49:01'),
(704, 'App\\Models\\NguoiDung', 27, 'view_hopdong', 'b1c5f36eb51fccfd40d36fe1fcbafd8c55e4c309afcb66f494b3c3117d689ea7', '[\"read\"]', NULL, NULL, '2025-12-22 08:49:01', '2025-12-22 08:49:01'),
(705, 'App\\Models\\NguoiDung', 27, 'view_hopdong', '6e0324e0f6645fdc84bc2d3141e443814c48c03495be9f72bc7543a7be9229e9', '[\"*\"]', NULL, NULL, '2025-12-22 08:49:03', '2025-12-22 08:49:03'),
(706, 'App\\Models\\NguoiDung', 27, 'view_hopdong', 'd006b1d78e7cf58b0be143e3824b3f4bb165e37994a13e8590641421334ca5c2', '[\"*\"]', NULL, NULL, '2025-12-22 08:49:04', '2025-12-22 08:49:04'),
(707, 'App\\Models\\NguoiDung', 27, 'view_hopdong', '2a588791664145d1c7003df25004c805c095ccdffc963056b83a2d1437dca812', '[\"*\"]', NULL, NULL, '2025-12-22 08:49:09', '2025-12-22 08:49:09'),
(708, 'App\\Models\\NguoiDung', 27, 'view_hopdong', '7a86b1bdf18a44a2f4232367854b4d885be62d2f34a57395a9e92e55435f9f66', '[\"read\"]', NULL, NULL, '2025-12-22 08:49:21', '2025-12-22 08:49:21'),
(709, 'App\\Models\\NguoiDung', 27, 'view_hopdong', 'f596b85bc6c181244186436edb1d7e920884af319b88f138b115c5f3cb46413b', '[\"*\"]', NULL, NULL, '2025-12-22 08:49:24', '2025-12-22 08:49:24'),
(710, 'App\\Models\\NguoiDung', 27, 'view_hopdong', '094a5b763c7b4e665b8e9751875ea3ddfec0904056c5ca9787c495deb8cb3992', '[\"read\"]', NULL, NULL, '2025-12-22 08:49:59', '2025-12-22 08:49:59'),
(712, 'App\\Models\\NguoiDung', 27, 'api', '3d778baeae874ae961f7b30b3f62d4ce17ae0320ede72b6ed083e88b9d28ac7c', '[\"*\"]', '2025-12-22 09:18:01', NULL, '2025-12-22 09:13:42', '2025-12-22 09:18:01'),
(713, 'App\\Models\\NguoiDung', 27, 'api', '848da889ca7d471cdb4793089efe336283687bdac9d17da2eb98cbdce02d906e', '[\"*\"]', '2025-12-22 09:17:20', NULL, '2025-12-22 09:16:28', '2025-12-22 09:17:20'),
(714, 'App\\Models\\NguoiDung', 27, 'view_hopdong', '765d6a804a710a8b411ad6591e433a675e44b008b0d419f52c8e2d25788db81d', '[\"read\"]', NULL, NULL, '2025-12-22 09:16:36', '2025-12-22 09:16:36'),
(715, 'App\\Models\\NguoiDung', 27, 'view_hopdong', '74b6134ba3d45daa708cd8351cf35bf5d6a6dec0f3f17d83afc7aa771ba1eab6', '[\"read\"]', NULL, NULL, '2025-12-22 09:17:53', '2025-12-22 09:17:53'),
(718, 'App\\Models\\NguoiDung', 1, 'api', '5989e55b8810b91365551cbeceba58f2e506ed1709e1426d1cbb382e29d41626', '[\"*\"]', '2025-12-23 03:37:31', NULL, '2025-12-23 03:36:06', '2025-12-23 03:37:31'),
(720, 'App\\Models\\NguoiDung', 1, 'api', 'dc8528dcdf6c12b3a35595fe8238e7c30ab51551ade967cccf5d9a3a5c6228aa', '[\"*\"]', '2025-12-23 04:06:44', NULL, '2025-12-23 04:06:36', '2025-12-23 04:06:44'),
(722, 'App\\Models\\NguoiDung', 27, 'view_hopdong', '370fa0908c5bdd947bdfc6fddfa58453b270dc23c93b641a9e4bba591a413861', '[\"read\"]', NULL, NULL, '2025-12-23 04:08:48', '2025-12-23 04:08:48'),
(724, 'App\\Models\\NguoiDung', 1, 'api', '015dd68a3042fe937893e0e38b6898629d5cf327df3555c01b26048c1410f727', '[\"*\"]', '2025-12-23 04:27:47', NULL, '2025-12-23 04:18:12', '2025-12-23 04:27:47'),
(725, 'App\\Models\\NguoiDung', 1, 'api', '2ab95a564fae561918e9bb821c2226d11f068994caf11dc746e1b7183be2e4a9', '[\"*\"]', '2025-12-23 04:29:40', NULL, '2025-12-23 04:29:28', '2025-12-23 04:29:40'),
(727, 'App\\Models\\NguoiDung', 27, 'view_hopdong', '7b74c666f4c74c33ce8646e8bf62efb583991a12210c13fe5f20d29526d7530e', '[\"read\"]', NULL, NULL, '2025-12-23 04:31:09', '2025-12-23 04:31:09'),
(729, 'App\\Models\\NguoiDung', 27, 'api', '5331788a8518118c102f4a0b8ca4ff5581bb445a0d24eec0ad982ede3c69a50b', '[\"*\"]', '2025-12-23 04:35:22', NULL, '2025-12-23 04:34:14', '2025-12-23 04:35:22'),
(730, 'App\\Models\\NguoiDung', 27, 'view_hopdong', '3688125de3a52f70b289ccedcccda17d3be5dbf80214e0b271b405c06dae8e04', '[\"read\"]', NULL, NULL, '2025-12-23 04:34:17', '2025-12-23 04:34:17'),
(731, 'App\\Models\\NguoiDung', 27, 'view_hopdong', 'bcdc84043b12a1c5dbf21f6324fe67865a6b1c8e966620ba660e35e668d483d3', '[\"read\"]', NULL, NULL, '2025-12-23 04:34:25', '2025-12-23 04:34:25'),
(732, 'App\\Models\\NguoiDung', 27, 'view_hopdong', '276e948fe30012796a95570ed7b30db1f15341c5a38365b3009445efc40d0dc3', '[\"*\"]', NULL, NULL, '2025-12-23 04:34:27', '2025-12-23 04:34:27'),
(733, 'App\\Models\\NguoiDung', 27, 'view_hopdong', 'fcc1d018c353d50b8d6110399a40db065f0917cb1db4d490428e95056f7e94de', '[\"*\"]', NULL, NULL, '2025-12-23 04:34:28', '2025-12-23 04:34:28'),
(735, 'App\\Models\\NguoiDung', 1, 'api', '5bf98e4f0fe03ea68e8a2922d9d264075d6842f254b4ebcf1e47350d3c1c0f74', '[\"*\"]', '2025-12-23 06:04:25', NULL, '2025-12-23 06:04:13', '2025-12-23 06:04:25'),
(736, 'App\\Models\\NguoiDung', 1, 'api', '74563dfb1c62dd87179ff72d9963a6e94648e8a1a6c00346e8c5399555a5c454', '[\"*\"]', '2025-12-23 06:13:20', NULL, '2025-12-23 06:13:16', '2025-12-23 06:13:20'),
(740, 'App\\Models\\NguoiDung', 1, 'api', 'a044d34d990e91d28a7f778b5efb0bead2d239d252778ea1f53ea23d157298eb', '[\"*\"]', '2025-12-23 06:46:00', NULL, '2025-12-23 06:45:47', '2025-12-23 06:46:00'),
(741, 'App\\Models\\NguoiDung', 1, 'api', '112f5f578d0f7c615e460aa5e2555f15333b0f057c796d61b9a373a92c725602', '[\"*\"]', '2025-12-23 06:47:14', NULL, '2025-12-23 06:47:02', '2025-12-23 06:47:14'),
(743, 'App\\Models\\NguoiDung', 27, 'view_hopdong', 'b38e0d7911791738f2cb7a6f5e3843ef7da6579c8e7c855ff712b6162f3951e7', '[\"read\"]', NULL, NULL, '2025-12-23 06:48:56', '2025-12-23 06:48:56'),
(744, 'App\\Models\\NguoiDung', 2, 'api', '69292a64f0f4b5367da3c35765f2ed6ec8a7667805f8676c09f4f6f8af6211bd', '[\"*\"]', '2025-12-23 06:51:04', NULL, '2025-12-23 06:49:29', '2025-12-23 06:51:04'),
(745, 'App\\Models\\NguoiDung', 27, 'view_hopdong', '4d191384b3f20b4535abf488d4b3d03fc2695c4e7864a8d49be80e8603e3a6e4', '[\"read\"]', NULL, NULL, '2025-12-23 06:51:22', '2025-12-23 06:51:22'),
(747, 'App\\Models\\NguoiDung', 1, 'api', '4959654cb6dfbbd47d6050398360f8e11f04283d90ed2941b0584cb663dad996', '[\"*\"]', '2025-12-23 07:11:01', NULL, '2025-12-23 07:10:52', '2025-12-23 07:11:01'),
(748, 'App\\Models\\NguoiDung', 27, 'api', 'daef8039bc3d1803eb3415e556d3a46ad9ea3aa804b3b818700116184c873018', '[\"*\"]', '2025-12-23 07:12:30', NULL, '2025-12-23 07:11:33', '2025-12-23 07:12:30'),
(749, 'App\\Models\\NguoiDung', 27, 'view_hopdong', 'e31ed3fbf653a42000fc4409674dad069e92f275c8c01fabde645f8a1c372fd8', '[\"read\"]', NULL, NULL, '2025-12-23 07:11:36', '2025-12-23 07:11:36'),
(750, 'App\\Models\\NguoiDung', 27, 'view_hopdong', '244da79c6f83ac0fb63373d1818bc2ee9e17c0eff8c9f9346d327d02323c5382', '[\"read\"]', NULL, NULL, '2025-12-23 07:12:25', '2025-12-23 07:12:25'),
(753, 'App\\Models\\NguoiDung', 1, 'api', 'f545e9ae5cd285eea3039a795138e6cfb66a41fae59d720f7d9e7d2c9cae5d67', '[\"*\"]', '2025-12-23 07:30:54', NULL, '2025-12-23 07:30:44', '2025-12-23 07:30:54'),
(754, 'App\\Models\\NguoiDung', 27, 'api', '6b0356fe3089073e92d30a78830076abdb966e816b60a44bce733c8af1a8e7c2', '[\"*\"]', '2025-12-23 07:32:09', NULL, '2025-12-23 07:31:32', '2025-12-23 07:32:09'),
(756, 'App\\Models\\NguoiDung', 27, 'api', 'd12f48a98f58bbb3f2431c2c7f854a3290af3deab9d957686f6afc900122faf7', '[\"*\"]', NULL, NULL, '2025-12-23 07:45:49', '2025-12-23 07:45:49'),
(758, 'App\\Models\\NguoiDung', 27, 'api', 'bbd1626225fdc3b0b42e881edf951b2d52a30f7ee30a30a291ffa452c15e8921', '[\"*\"]', '2025-12-23 07:47:26', NULL, '2025-12-23 07:46:38', '2025-12-23 07:47:26'),
(760, 'App\\Models\\NguoiDung', 1, 'api', 'f336ab02a7f5dea8838571b021dd6ed38c3de9f97603c32358745a171c24f685', '[\"*\"]', '2025-12-23 07:55:26', NULL, '2025-12-23 07:55:17', '2025-12-23 07:55:26'),
(761, 'App\\Models\\NguoiDung', 27, 'api', 'cdb372d9b016bd0e8404c9aaad497764fa0a43b26981634094c685f60835c53c', '[\"*\"]', '2025-12-23 07:56:24', NULL, '2025-12-23 07:55:43', '2025-12-23 07:56:24'),
(762, 'App\\Models\\NguoiDung', 27, 'api', '654b30b655894ad9dc986cb06b3c1b57eece356f437bc0101ab27b96e5e7643c', '[\"*\"]', '2025-12-23 08:03:43', NULL, '2025-12-23 08:02:16', '2025-12-23 08:03:43'),
(763, 'App\\Models\\NguoiDung', 27, 'view_hopdong', 'ca9c30752db5f7efdadf1b3c6e11695c0931da2b1730609514991840c9a0cbaf', '[\"read\"]', NULL, NULL, '2025-12-23 08:02:21', '2025-12-23 08:02:21'),
(764, 'App\\Models\\NguoiDung', 27, 'api', '50f97cc571e09f02c1742ad143c46a663fe56e4aa0710173316d48d3ac7f0105', '[\"*\"]', '2025-12-23 08:15:20', NULL, '2025-12-23 08:14:58', '2025-12-23 08:15:20'),
(765, 'App\\Models\\NguoiDung', 27, 'view_hopdong', '51e3258dad5117305802f97607c6e5d3e5e3748e27774335269e369532a264ab', '[\"read\"]', NULL, NULL, '2025-12-23 08:15:02', '2025-12-23 08:15:02'),
(767, 'App\\Models\\NguoiDung', 27, 'view_hopdong', '25b0095c35fbfa774f681d490718646b0965f6e4286dbacc8885abd52170a4f1', '[\"read\"]', NULL, NULL, '2025-12-23 08:16:24', '2025-12-23 08:16:24'),
(768, 'App\\Models\\NguoiDung', 27, 'view_hopdong', 'b047bec81db30482511a4a1c9905703b8611ba7ee41659e31c6ca8cb49c7cf5c', '[\"read\"]', NULL, NULL, '2025-12-23 08:16:32', '2025-12-23 08:16:32'),
(769, 'App\\Models\\NguoiDung', 27, 'view_hopdong', '5be1eb108f4ada00dd3e43655b109e1bd5ae05c9657706cc519515bd92ee679a', '[\"read\"]', NULL, NULL, '2025-12-23 08:18:19', '2025-12-23 08:18:19'),
(770, 'App\\Models\\NguoiDung', 27, 'view_hopdong', 'd73f8d92b94952fa69508a72c8ad9a2a2499b23359ab023fd5a2702df12d9209', '[\"read\"]', NULL, NULL, '2025-12-23 08:18:28', '2025-12-23 08:18:28'),
(772, 'App\\Models\\NguoiDung', 27, 'view_hopdong', '3629f9eb2e11700a085b422b335fdeb82d8ede69d4be63f75b5accc337c2e364', '[\"read\"]', NULL, NULL, '2025-12-23 08:19:00', '2025-12-23 08:19:00'),
(773, 'App\\Models\\NguoiDung', 27, 'view_hopdong', '07469576d65f9a0e24882491af7ef5ae17f19f542ea01bcd47e1ea1b6a8527d3', '[\"read\"]', NULL, NULL, '2025-12-23 08:19:05', '2025-12-23 08:19:05'),
(774, 'App\\Models\\NguoiDung', 27, 'view_hopdong', 'ea519a4623aafec3cf239bb39700eb495e73d928054a6ba22bd51d3f89492c03', '[\"read\"]', NULL, NULL, '2025-12-23 08:22:01', '2025-12-23 08:22:01'),
(775, 'App\\Models\\NguoiDung', 27, 'view_hopdong', '32c9238196455f9d5241c1cdeef28e9cf68b694564939e256d10b863cad4c28a', '[\"read\"]', NULL, NULL, '2025-12-23 08:22:04', '2025-12-23 08:22:04'),
(777, 'App\\Models\\NguoiDung', 27, 'api', 'f4406b2b5d68f665562d91986351f0de262250c46b4b42f8c9bf7b9d69e01d13', '[\"*\"]', '2025-12-23 08:36:09', NULL, '2025-12-23 08:35:45', '2025-12-23 08:36:09'),
(778, 'App\\Models\\NguoiDung', 27, 'view_hopdong', 'e6185a6044eec0cb7e7e95ebaac87badbc4d6abf13cf375351fb0731306d538e', '[\"read\"]', NULL, NULL, '2025-12-23 08:35:48', '2025-12-23 08:35:48'),
(779, 'App\\Models\\NguoiDung', 27, 'api', 'e988d9c3dc3e7643f584e804c0ea508168c14f6303ff641e33d33aebb613b4ec', '[\"*\"]', '2025-12-23 11:01:57', NULL, '2025-12-23 08:38:15', '2025-12-23 11:01:57'),
(780, 'App\\Models\\NguoiDung', 27, 'view_hopdong', '20a1c619f0f1bf46f22180ab3f6f8060a2c2604b0ed771cf3b6e108c6376366f', '[\"read\"]', NULL, NULL, '2025-12-23 08:38:25', '2025-12-23 08:38:25'),
(783, 'App\\Models\\NguoiDung', 27, 'view_hopdong', '529e28585bd9e0351290e7a7d28cfb55d563d2c3c6bb1179d7a81aeeb18973d2', '[\"read\"]', NULL, NULL, '2025-12-23 08:51:15', '2025-12-23 08:51:15'),
(784, 'App\\Models\\NguoiDung', 27, 'view_hopdong', '67d4bd3dba712bbcc650852f64fb213b9b4ec15c175e25baf0fb8dbd9ec36349', '[\"read\"]', NULL, NULL, '2025-12-23 08:57:46', '2025-12-23 08:57:46'),
(785, 'App\\Models\\NguoiDung', 27, 'view_hopdong', '7067a24b04dff00af7bde70ffcb9d0a21da1c724899abec861a7149425fe2fc9', '[\"read\"]', NULL, NULL, '2025-12-23 09:04:39', '2025-12-23 09:04:39'),
(786, 'App\\Models\\NguoiDung', 27, 'view_hopdong', '1d8daa10789b77d7eed9f7fe78d035f64e45a846be8307a6d7e89102dc33bac0', '[\"read\"]', NULL, NULL, '2025-12-23 09:07:30', '2025-12-23 09:07:30'),
(788, 'App\\Models\\NguoiDung', 27, 'view_hopdong', 'ffd1c38094f0ad4ef3519c278de18e26eb2d49804a93c771b5be5dbc946aeb51', '[\"read\"]', NULL, NULL, '2025-12-23 09:14:24', '2025-12-23 09:14:24'),
(789, 'App\\Models\\NguoiDung', 2, 'api', '7d889af9493ddca5da15b91b8e68f24d831b0c54a1823b1dcb65af7a824ad4e2', '[\"*\"]', '2025-12-23 09:21:34', NULL, '2025-12-23 09:20:27', '2025-12-23 09:21:34'),
(791, 'App\\Models\\NguoiDung', 27, 'view_hopdong', '3b2dbdf8dac10a413b7f2643f64f9722c8e52d88924700a9585f69de995aa56c', '[\"read\"]', NULL, NULL, '2025-12-23 09:22:49', '2025-12-23 09:22:49'),
(792, 'App\\Models\\NguoiDung', 27, 'view_hopdong', '2fbb2489e4ac8e5f618f13bc63751d7190c7111ce5220c9d0aef5af11342e709', '[\"read\"]', NULL, NULL, '2025-12-23 09:27:54', '2025-12-23 09:27:54'),
(793, 'App\\Models\\NguoiDung', 27, 'view_hopdong', '045afb43a28a426db0096318fb1a3404e87d13d1bf86206cfd2e5bd72c1b17bc', '[\"read\"]', NULL, NULL, '2025-12-23 09:36:02', '2025-12-23 09:36:02'),
(796, 'App\\Models\\NguoiDung', 27, 'view_hopdong', 'bd41094c1d475aed279893af0e187427f8870213bafd6d2f5f3df6ab86e5c5cd', '[\"read\"]', NULL, NULL, '2025-12-23 09:46:19', '2025-12-23 09:46:19'),
(797, 'App\\Models\\NguoiDung', 27, 'view_hopdong', '91910e7054d98145bf605d3ff02e6abd77297095f23fb7419975005e04c28a4f', '[\"read\"]', NULL, NULL, '2025-12-23 09:49:52', '2025-12-23 09:49:52'),
(798, 'App\\Models\\NguoiDung', 27, 'view_hopdong', 'e825341fb40d7ea9b9a8aa876b0e9df43d550fdf0f9fc31f1158269caeff5ffc', '[\"read\"]', NULL, NULL, '2025-12-23 09:56:58', '2025-12-23 09:56:58'),
(799, 'App\\Models\\NguoiDung', 2, 'api', '0babbc4d5736f7d1c48bb7f6d45022de4accf401bd2dabb9e58078c0e1e06362', '[\"*\"]', '2025-12-23 12:21:59', NULL, '2025-12-23 09:57:27', '2025-12-23 12:21:59'),
(800, 'App\\Models\\NguoiDung', 27, 'api', '62322f6ac620755348075629cf0705df24385799127b940c92dfc0fa46969bb4', '[\"*\"]', '2025-12-23 09:59:02', NULL, '2025-12-23 09:58:44', '2025-12-23 09:59:02'),
(801, 'App\\Models\\NguoiDung', 27, 'view_hopdong', 'f68afa81a596285aaa280cf333573bea92ab5d075c67ea2183ff4bab9eb923c6', '[\"read\"]', NULL, NULL, '2025-12-23 09:58:47', '2025-12-23 09:58:47'),
(802, 'App\\Models\\NguoiDung', 27, 'api', 'e91e1e472ff83616f722057f18acc00118edb0920f51dff919d420bfbc1c993f', '[\"*\"]', '2025-12-23 10:03:54', NULL, '2025-12-23 10:03:50', '2025-12-23 10:03:54'),
(803, 'App\\Models\\NguoiDung', 27, 'view_hopdong', 'bdf21199c9c6247f7899bc5e25fbfaea143fb4dc4475d8836165d2eb0d28d261', '[\"read\"]', NULL, NULL, '2025-12-23 10:03:53', '2025-12-23 10:03:53'),
(804, 'App\\Models\\NguoiDung', 27, 'api', '02eb9e19b3759c943b5bdc3ffe84c0dc05a0a695070cead97d4b88e0caaae78c', '[\"*\"]', '2025-12-23 10:31:41', NULL, '2025-12-23 10:08:24', '2025-12-23 10:31:41'),
(805, 'App\\Models\\NguoiDung', 27, 'view_hopdong', '2bb780d66d913f76bf90d766a3430e3b40e49f16625de999f3403a0ec6966960', '[\"read\"]', NULL, NULL, '2025-12-23 10:08:27', '2025-12-23 10:08:27'),
(806, 'App\\Models\\NguoiDung', 27, 'view_hopdong', '0957b27a40f23e17da6975bbfbc62cf114d205e5d6d665a511a2295043862f3d', '[\"read\"]', NULL, NULL, '2025-12-23 10:13:55', '2025-12-23 10:13:55'),
(807, 'App\\Models\\NguoiDung', 27, 'view_hopdong', 'e98ef3b7d2354c63823880a090c02542670faa2c550b2836f5c3caaff531eeb2', '[\"read\"]', NULL, NULL, '2025-12-23 10:16:45', '2025-12-23 10:16:45'),
(808, 'App\\Models\\NguoiDung', 1, 'api', 'a922ca488b0ac187b488f9a18ee4d69a61bbf190b2f3cdd7914b87dfb9a0b2a7', '[\"*\"]', NULL, NULL, '2025-12-23 10:37:01', '2025-12-23 10:37:01'),
(809, 'App\\Models\\NguoiDung', 1, 'api', '9bb52fd8f550d833f03ae0d8e376a23acbef3b4685213f52a190d5d176ca9b7d', '[\"*\"]', '2025-12-23 10:37:11', NULL, '2025-12-23 10:37:01', '2025-12-23 10:37:11'),
(810, 'App\\Models\\NguoiDung', 27, 'api', '38f70c63f51b01ea91d3e4d4c8247a0657136ada02c9da4f4e07bd14ba7d7ff8', '[\"*\"]', '2025-12-23 10:43:56', NULL, '2025-12-23 10:38:02', '2025-12-23 10:43:56'),
(811, 'App\\Models\\NguoiDung', 27, 'view_hopdong', 'a7ba26aa9721b41d0a992015fd36ca247e26487f02025d4b963829b674418469', '[\"read\"]', NULL, NULL, '2025-12-23 10:39:13', '2025-12-23 10:39:13'),
(812, 'App\\Models\\NguoiDung', 27, 'view_hopdong', 'e72a5b2f81d45aa6c51415c8cbc5faacfd8f37fe28ce1d07430c7e82ce6e15b2', '[\"read\"]', NULL, NULL, '2025-12-23 10:39:20', '2025-12-23 10:39:20'),
(813, 'App\\Models\\NguoiDung', 27, 'view_hopdong', 'd29d1731805cc8bf8b418ad416edbb117fbed7c3e157d4848ed9a1f87fa25e31', '[\"read\"]', NULL, NULL, '2025-12-23 10:43:42', '2025-12-23 10:43:42'),
(814, 'App\\Models\\NguoiDung', 27, 'api', 'c988be58c5723cc603ba4edba5e7282dab6e620369de1e526af2b7146cbca85a', '[\"*\"]', '2025-12-23 10:59:31', NULL, '2025-12-23 10:59:18', '2025-12-23 10:59:31'),
(815, 'App\\Models\\NguoiDung', 27, 'view_hopdong', 'e2f012f2267c9eeaf90c687d733a0617271cd1cdd87b3d4ec407dbb65a33f414', '[\"read\"]', NULL, NULL, '2025-12-23 10:59:22', '2025-12-23 10:59:22'),
(816, 'App\\Models\\NguoiDung', 27, 'api', '9b602498fa829352fb652b0122ba19d4301b5e2a3611680c364dd17ab1aca7c8', '[\"*\"]', '2025-12-23 12:02:15', NULL, '2025-12-23 12:02:15', '2025-12-23 12:02:15'),
(817, 'App\\Models\\NguoiDung', 27, 'api', '29c7d3dd8d7e97d5a802c888a0dfb26835b7ea79e363fab4e39287d2b372feb3', '[\"*\"]', '2025-12-23 12:09:13', NULL, '2025-12-23 12:02:15', '2025-12-23 12:09:13'),
(818, 'App\\Models\\NguoiDung', 27, 'view_hopdong', '5ae5ed79706a7b5c2c280b08d516ee4b4bcc27c8ba304f23c5036c5ff7b2cf02', '[\"read\"]', NULL, NULL, '2025-12-23 12:04:37', '2025-12-23 12:04:37'),
(819, 'App\\Models\\NguoiDung', 27, 'view_hopdong', 'e115095a64525398e0e0a6ad85bfdc6206fc6e4007dc91b9ac1e88805df4218a', '[\"read\"]', NULL, NULL, '2025-12-23 12:04:47', '2025-12-23 12:04:47'),
(820, 'App\\Models\\NguoiDung', 27, 'view_hopdong', '17b82880d88b4c9501eca29dc48c46b60771c6635fba9c1c44cb79efc8da439a', '[\"read\"]', NULL, NULL, '2025-12-23 12:04:49', '2025-12-23 12:04:49'),
(821, 'App\\Models\\NguoiDung', 27, 'view_hopdong', '78093414ba048495ad84f5b201d29db43c762f00951d5c89ec931d3a59971951', '[\"read\"]', NULL, NULL, '2025-12-23 12:04:49', '2025-12-23 12:04:49'),
(822, 'App\\Models\\NguoiDung', 27, 'view_hopdong', 'b862bc2838a885dea8340d6b1d3228b1cb9111e79737882f8a735f1adeb44986', '[\"read\"]', NULL, NULL, '2025-12-23 12:05:00', '2025-12-23 12:05:00'),
(823, 'App\\Models\\NguoiDung', 27, 'view_hopdong', 'e98e013a06ca319748f0ed901a37d9a142050838240cacb4ba84796c32311656', '[\"read\"]', NULL, NULL, '2025-12-23 12:07:48', '2025-12-23 12:07:48'),
(824, 'App\\Models\\NguoiDung', 27, 'api', '1e27feaa3fc4642aae0fb23a9796b2eec992347bd4b2141c3ba46cee21037f21', '[\"*\"]', '2025-12-23 12:15:29', NULL, '2025-12-23 12:15:08', '2025-12-23 12:15:29'),
(825, 'App\\Models\\NguoiDung', 27, 'view_hopdong', 'a7cf2e860186ec6d7c2a21df4bd1889ff7b545a6b51b744b7a51ee36b9b077bd', '[\"read\"]', NULL, NULL, '2025-12-23 12:15:14', '2025-12-23 12:15:14'),
(826, 'App\\Models\\NguoiDung', 27, 'api', '3d17fc8e9c6618a2a6ae2971f7233e0e328f20862042ea596f496938be7e0703', '[\"*\"]', '2025-12-24 07:38:51', NULL, '2025-12-23 12:23:19', '2025-12-24 07:38:51'),
(828, 'App\\Models\\NguoiDung', 1, 'api', '27231d3bf8fcfa602ea307ca4e45205c514ca9a414e6608b0b868c16d4088011', '[\"*\"]', '2025-12-24 07:07:11', NULL, '2025-12-24 07:07:05', '2025-12-24 07:07:11'),
(829, 'App\\Models\\NguoiDung', 27, 'api', '48f5f3a5d35aa1ce65fcb0ce957dc1739f8828074ee361347d50508c81bfdba8', '[\"*\"]', '2025-12-24 07:23:00', NULL, '2025-12-24 07:07:26', '2025-12-24 07:23:00'),
(830, 'App\\Models\\NguoiDung', 1, 'api', '0a560a46328534b6c2395da1ee2b1f749bd26c138d3d15460018ff38c9bac566', '[\"*\"]', '2025-12-24 07:29:35', NULL, '2025-12-24 07:29:28', '2025-12-24 07:29:35'),
(831, 'App\\Models\\NguoiDung', 4, 'api', '86dfdc333d79b2760441426529e24bbbdc5a197fec65f372309318c884dc5963', '[\"*\"]', '2025-12-24 07:38:23', NULL, '2025-12-24 07:29:52', '2025-12-24 07:38:23'),
(832, 'App\\Models\\NguoiDung', 4, 'api', '1f3a2e9ef0e5c457f36a858910de0565be7601a8c90f9d00bebbd643f7cd7e09', '[\"*\"]', '2025-12-24 07:50:43', NULL, '2025-12-24 07:39:07', '2025-12-24 07:50:43'),
(833, 'App\\Models\\NguoiDung', 1, 'api', '169ecde434ec65bc4fb47810f16472d5b7fc006bf3ac5664a39faef3b7acfcc3', '[\"*\"]', '2025-12-24 07:41:30', NULL, '2025-12-24 07:41:20', '2025-12-24 07:41:30'),
(835, 'App\\Models\\NguoiDung', 1, 'api', '9cfc6b60ba4a8991acd84dca6549488823d505254ece22746428f6f647e7c19c', '[\"*\"]', '2025-12-24 07:43:23', NULL, '2025-12-24 07:43:17', '2025-12-24 07:43:23'),
(837, 'App\\Models\\NguoiDung', 27, 'view_hopdong', '53d31dc2156df8c57a6c76e6ccb47880efe7c084806be0159379feea1f3deaf8', '[\"read\"]', NULL, NULL, '2025-12-24 07:45:15', '2025-12-24 07:45:15'),
(838, 'App\\Models\\NguoiDung', 27, 'api', 'd95b37e0f81837a9b1b6734ea0c1ef5ce17e8b3e5d3ac097afe6fd0d2e6b89f1', '[\"*\"]', '2025-12-24 07:47:39', NULL, '2025-12-24 07:46:29', '2025-12-24 07:47:39'),
(839, 'App\\Models\\NguoiDung', 27, 'view_hopdong', 'a7d569f57aa61a37d657424670e7d41e5cd3318221a802dc2c5b6c065ae68044', '[\"read\"]', NULL, NULL, '2025-12-24 07:47:03', '2025-12-24 07:47:03'),
(840, 'App\\Models\\NguoiDung', 27, 'view_hopdong', 'fb9c4f3ffd9a518f8e84d37b607c10744a859d90c5b77711d8c582d407bea532', '[\"read\"]', NULL, NULL, '2025-12-24 07:47:38', '2025-12-24 07:47:38'),
(841, 'App\\Models\\NguoiDung', 27, 'api', '445126d106d5b74396f54f9b6f838d83687abc45e35e5d65973a92afac7348ce', '[\"*\"]', '2025-12-24 08:39:18', NULL, '2025-12-24 07:50:55', '2025-12-24 08:39:18'),
(843, 'App\\Models\\NguoiDung', 1, 'api', '4101d03a7e0ddddb4510b816079f7517e7a57f2c100fc1932bf8ac824214e494', '[\"*\"]', '2025-12-24 07:56:05', NULL, '2025-12-24 07:55:58', '2025-12-24 07:56:05'),
(844, 'App\\Models\\NguoiDung', 4, 'api', 'be5ccea94bc2c5395debd0791713981b66c44fd9aacd1f08b8a0fb08f1950e47', '[\"*\"]', '2025-12-24 08:05:15', NULL, '2025-12-24 07:56:37', '2025-12-24 08:05:15'),
(845, 'App\\Models\\NguoiDung', 1, 'api', 'd47df4f2adb2f11218e6e30eaf97383ea13ccc46cfb0b08aa862395147a7f918', '[\"*\"]', '2025-12-24 08:09:58', NULL, '2025-12-24 08:09:52', '2025-12-24 08:09:58'),
(846, 'App\\Models\\NguoiDung', 27, 'api', 'f8ffd954a1f1c238df5b449d847d8b85b0f2323c27ee11a9a049e2b27c63aa17', '[\"*\"]', '2025-12-24 08:11:20', NULL, '2025-12-24 08:10:41', '2025-12-24 08:11:20'),
(848, 'App\\Models\\NguoiDung', 1, 'api', 'd5e9534f807be426bf04f28aa69f140151a156b48665ee270d446755d5a255ff', '[\"*\"]', '2025-12-24 08:16:03', NULL, '2025-12-24 08:15:57', '2025-12-24 08:16:03'),
(849, 'App\\Models\\NguoiDung', 5, 'api', 'ef0fcfe2b14c27b3d709bb3a1404572decc088901367f0bc70382c1f0180b1cb', '[\"*\"]', '2025-12-24 08:23:50', NULL, '2025-12-24 08:16:48', '2025-12-24 08:23:50'),
(852, 'App\\Models\\NguoiDung', 1, 'api', 'e65cc4342391d64ae19d3ff36759ea3b1ede228ad247b2adafc3aac0f6ea610c', '[\"*\"]', '2025-12-24 08:24:19', NULL, '2025-12-24 08:24:09', '2025-12-24 08:24:19'),
(853, 'App\\Models\\NguoiDung', 5, 'api', '3600b3f6adbc214a66e2aafbc44d642fcb88079e469dbd6942b3c59810a50190', '[\"*\"]', '2025-12-24 08:26:43', NULL, '2025-12-24 08:24:44', '2025-12-24 08:26:43'),
(854, 'App\\Models\\NguoiDung', 5, 'view_hopdong', 'fcb7bf4eb93a0e22f77bbf98e7565ea42ffc700d9e39ec8725ae7994e8a08f98', '[\"read\"]', NULL, NULL, '2025-12-24 08:26:17', '2025-12-24 08:26:17'),
(855, 'App\\Models\\NguoiDung', 5, 'view_hopdong', 'c7d52ec18f58b1f7d7772668f727af8d76212041adf37758d1d36a36ccff6dfc', '[\"read\"]', NULL, NULL, '2025-12-24 08:26:22', '2025-12-24 08:26:22'),
(856, 'App\\Models\\NguoiDung', 5, 'view_hopdong', '28cd07886caf6a6d9e2de3a5eede6738bc556e2ad2a796c2e6ba95068c664fdb', '[\"read\"]', NULL, NULL, '2025-12-24 08:26:37', '2025-12-24 08:26:37'),
(857, 'App\\Models\\NguoiDung', 5, 'view_hopdong', '56a21d81f622219c4799305b64bc5240719c57f03ddfdd16271cd2a3d760a4b4', '[\"*\"]', NULL, NULL, '2025-12-24 08:26:39', '2025-12-24 08:26:39'),
(858, 'App\\Models\\NguoiDung', 5, 'view_hopdong', '1ff101084f9385a59b7fbb9b8f36aed5f7df6f2cba274344e244de5d56527f6c', '[\"read\"]', NULL, NULL, '2025-12-24 08:26:42', '2025-12-24 08:26:42'),
(862, 'App\\Models\\NguoiDung', 5, 'api', '6279860bdcc9c14fb05eaf47bef3e9145f2ccd0359377066ec6794f9299b69c9', '[\"*\"]', '2025-12-24 08:38:59', NULL, '2025-12-24 08:34:10', '2025-12-24 08:38:59'),
(863, 'App\\Models\\NguoiDung', 5, 'view_hopdong', 'fbba317227d47432fcdac4e0eb362ec9b601313b6e08e36c3649ec5ac5f016bc', '[\"read\"]', NULL, NULL, '2025-12-24 08:37:48', '2025-12-24 08:37:48'),
(864, 'App\\Models\\NguoiDung', 5, 'api', 'b7fe2ba99b1b1fc99345420acd3c52affdb0653c6929c8a4f84d7e5c98622840', '[\"*\"]', '2025-12-25 04:32:11', NULL, '2025-12-24 08:39:28', '2025-12-25 04:32:11'),
(866, 'App\\Models\\NguoiDung', 2, 'api', 'b954f4fe6c2b78804ba217ba1a437c25c0bfd7fe4c8be3f6c1737563afa576a9', '[\"*\"]', '2025-12-24 10:06:28', NULL, '2025-12-24 08:56:40', '2025-12-24 10:06:28'),
(867, 'App\\Models\\NguoiDung', 1, 'api', '3112a3bc0317faf4bcc9e99c9b3611f07f15c2c3e088b4a0c36118402600f774', '[\"*\"]', '2025-12-24 09:55:27', NULL, '2025-12-24 09:55:19', '2025-12-24 09:55:27'),
(868, 'App\\Models\\NguoiDung', 201, 'api', '969521d56f481d1be5fab92ff7f6a553c40dcf02b7fa295e9b2d8b6d41548a80', '[\"*\"]', '2025-12-24 10:03:42', NULL, '2025-12-24 09:56:09', '2025-12-24 10:03:42'),
(869, 'App\\Models\\NguoiDung', 201, 'view_hopdong', 'b445abbac3f3020bb13b9b6d567121a9e401675072864e8a65991a3e316d441c', '[\"read\"]', NULL, NULL, '2025-12-24 09:59:29', '2025-12-24 09:59:29'),
(870, 'App\\Models\\NguoiDung', 201, 'view_hopdong', '3f10c417b2eb595fea7648d7d29bf49e81f453240a81a46d5d78cd15d342de4e', '[\"read\"]', NULL, NULL, '2025-12-24 09:59:50', '2025-12-24 09:59:50'),
(871, 'App\\Models\\NguoiDung', 201, 'view_hopdong', '10d25c9c2108534d29e6082609a3104f1d04d12dda6b8fb33d32b1d351c87535', '[\"read\"]', NULL, NULL, '2025-12-24 10:03:33', '2025-12-24 10:03:33'),
(872, 'App\\Models\\NguoiDung', 201, 'view_hopdong', '81b80039f8caf798b313c64ef1df41f4837cb80ce1d40e6db40045c245c5fb21', '[\"read\"]', NULL, NULL, '2025-12-24 10:03:36', '2025-12-24 10:03:36'),
(873, 'App\\Models\\NguoiDung', 27, 'api', 'f262d5339944d1e3ecf2a68ea0c5e9d2b348d3ef073bbb69db4e87278146996c', '[\"*\"]', '2025-12-24 10:11:56', NULL, '2025-12-24 10:09:01', '2025-12-24 10:11:56'),
(875, 'App\\Models\\NguoiDung', 1, 'api', '560ed65000c49d7554ec8f5f67fc2e68dd405fad19e8966b62f703fb79d62041', '[\"*\"]', '2025-12-24 23:59:22', NULL, '2025-12-24 23:59:07', '2025-12-24 23:59:22'),
(876, 'App\\Models\\NguoiDung', 202, 'api', '0161eab92f34623d5d224d24dce2d0855bd776abc4204651f82042be103d134d', '[\"*\"]', '2025-12-25 00:03:35', NULL, '2025-12-25 00:00:04', '2025-12-25 00:03:35'),
(877, 'App\\Models\\NguoiDung', 202, 'view_hopdong', '8828dd1618bc18dc260402b1b2269e4aea5c5a647d7d96cf7a20504d32370da6', '[\"read\"]', NULL, NULL, '2025-12-25 00:00:26', '2025-12-25 00:00:26'),
(878, 'App\\Models\\NguoiDung', 202, 'view_hopdong', '2ea3c4b38c7fc997976bc4af00e36f04420d10b69267ddf8502815d5ff94a7bd', '[\"read\"]', NULL, NULL, '2025-12-25 00:00:39', '2025-12-25 00:00:39'),
(879, 'App\\Models\\NguoiDung', 202, 'view_hopdong', '8ead36517964d657d3c7803dd90546368ca60598c66ca312c78cb64c3114b481', '[\"read\"]', NULL, NULL, '2025-12-25 00:03:27', '2025-12-25 00:03:27'),
(880, 'App\\Models\\NguoiDung', 202, 'view_hopdong', '73e56e898ba58b0b88fcea2891b946f37edb0fb6ffb7a961a33cdc2e61f12e6d', '[\"read\"]', NULL, NULL, '2025-12-25 00:03:30', '2025-12-25 00:03:30'),
(881, 'App\\Models\\NguoiDung', 202, 'view_hopdong', '2e6069bb89a2a63697912eca82e34faf53ca53204e06274864eb61c1d85c09ae', '[\"*\"]', NULL, NULL, '2025-12-25 00:03:34', '2025-12-25 00:03:34'),
(886, 'App\\Models\\NguoiDung', 104, 'api', '93d81a5a19e8ca70ea5b6326003a0061e0fb951626a9264071bb465e1d4f0a27', '[\"*\"]', '2025-12-25 00:46:35', NULL, '2025-12-25 00:45:50', '2025-12-25 00:46:35'),
(889, 'App\\Models\\NguoiDung', 105, 'api', 'a937dad0357dcf9a6dc14022d3a13bd0641532371496a3993d6e495652fe8b64', '[\"*\"]', '2025-12-25 00:56:48', NULL, '2025-12-25 00:52:32', '2025-12-25 00:56:48'),
(890, 'App\\Models\\NguoiDung', 1, 'api', '910db3d088bc99625eaf9b7b6e5d69479715c2b58ff38da1ae0969c4f3c0eab8', '[\"*\"]', '2025-12-25 00:53:59', NULL, '2025-12-25 00:53:46', '2025-12-25 00:53:59'),
(891, 'App\\Models\\NguoiDung', 205, 'api', '02089811977198068ded117e76decf0d1f109a86f76970e874f05df01c4fc907', '[\"*\"]', '2025-12-25 00:55:11', NULL, '2025-12-25 00:54:22', '2025-12-25 00:55:11'),
(896, 'App\\Models\\NguoiDung', 27, 'api', '2159aacf2292f8d08576d0beac67924809878a4fb256ebaf9b0ddc7d91bfd883', '[\"*\"]', '2025-12-25 04:32:35', NULL, '2025-12-25 04:32:21', '2025-12-25 04:32:35'),
(897, 'App\\Models\\NguoiDung', 5, 'api', 'a482f319f93364af1dc57cd778dcffb94492c45ee3185f5d84849bf6e763f2d0', '[\"*\"]', '2025-12-25 05:02:01', NULL, '2025-12-25 04:33:16', '2025-12-25 05:02:01'),
(898, 'App\\Models\\NguoiDung', 1, 'api', '92db171840528d529adb0dafe1655ec5662f1125deea96fc876c9fda127d2fd0', '[\"*\"]', '2025-12-25 04:50:01', NULL, '2025-12-25 04:49:46', '2025-12-25 04:50:01'),
(899, 'App\\Models\\NguoiDung', 27, 'api', '2539551895a0fac80fa6d5c2fbc047d4c52303f8d3238955e10d5a6a28f55ff0', '[\"*\"]', '2025-12-25 05:01:41', NULL, '2025-12-25 04:50:39', '2025-12-25 05:01:41'),
(900, 'App\\Models\\NguoiDung', 27, 'view_hopdong', 'bc19e70ac82f92b53a28347b9eb53f32ad5ca6293edf4afaf678b5ff2c54e54a', '[\"read\"]', NULL, NULL, '2025-12-25 04:52:17', '2025-12-25 04:52:17'),
(901, 'App\\Models\\NguoiDung', 27, 'view_hopdong', '9c703ca24cc8510497df79e53cb051752cb1af549a10d68da933f21c991d9ce0', '[\"read\"]', NULL, NULL, '2025-12-25 04:52:27', '2025-12-25 04:52:27'),
(902, 'App\\Models\\NguoiDung', 27, 'view_hopdong', '0672c3db14b192a2785aeaee3c4b068c960115de6f2e6de1cda5ee724ae52473', '[\"*\"]', NULL, NULL, '2025-12-25 04:52:31', '2025-12-25 04:52:31'),
(903, 'App\\Models\\NguoiDung', 27, 'api', '625b59d7b75c9d70f48b7c302144da4cb71b4e9d9b0f8023109f37b1205445db', '[\"*\"]', '2025-12-25 05:03:18', NULL, '2025-12-25 05:02:26', '2025-12-25 05:03:18'),
(905, 'App\\Models\\NguoiDung', 27, 'view_hopdong', 'e37dc3f684cfc6c34394c1939b2e5c47aaaf2b66e68b09c494f60ba896e4df2f', '[\"read\"]', NULL, NULL, '2025-12-25 05:43:20', '2025-12-25 05:43:20'),
(906, 'App\\Models\\NguoiDung', 27, 'view_hopdong', 'f88ab36d29077863e13f7ebcc063f2faf513e67c6de298ab9ea91faa1838c18e', '[\"read\"]', NULL, NULL, '2025-12-25 05:43:22', '2025-12-25 05:43:22'),
(907, 'App\\Models\\NguoiDung', 27, 'view_hopdong', '8f88ab37cfb853630f4be5097e7f7871b6f8a089d9254f2caa3a4b621868c824', '[\"read\"]', NULL, NULL, '2025-12-25 05:43:42', '2025-12-25 05:43:42'),
(909, 'App\\Models\\NguoiDung', 1, 'api', 'cc50fad8040ae5ad282db0cab5bc035f909413bcc9a7b894bdcb05055f1163eb', '[\"*\"]', '2025-12-25 05:45:24', NULL, '2025-12-25 05:45:11', '2025-12-25 05:45:24'),
(910, 'App\\Models\\NguoiDung', 1, 'api', 'd9d452fe0f779e7e9617e05a76a33e56929ec9052e0d8c14c53861a66a18cc84', '[\"*\"]', '2025-12-25 05:54:54', NULL, '2025-12-25 05:54:48', '2025-12-25 05:54:54'),
(912, 'App\\Models\\NguoiDung', 2, 'api', 'dda0fc2262756f0a95b517fd82e41f3663fd5f96d8c7934f6b605285ca2c02dc', '[\"*\"]', '2025-12-25 06:00:14', NULL, '2025-12-25 06:00:07', '2025-12-25 06:00:14'),
(913, 'App\\Models\\NguoiDung', 27, 'api', '6017431df75b2a831764d421e1718b2ddb4f74062ebc416d56fa4d068cdf2204', '[\"*\"]', '2025-12-25 06:00:48', NULL, '2025-12-25 06:00:43', '2025-12-25 06:00:48'),
(914, 'App\\Models\\NguoiDung', 27, 'api', 'd4111c5fd49522797e931c9fadc9ccdc99b76c5497867fc27eaf6e7e2714dbdb', '[\"*\"]', '2025-12-25 06:03:45', NULL, '2025-12-25 06:03:41', '2025-12-25 06:03:45'),
(916, 'App\\Models\\NguoiDung', 2, 'api', 'c8f0ac591bdaf6a206c1cedab2b4f63290d62e02aa324f8bc192dd714c4f51a7', '[\"*\"]', '2025-12-25 06:16:28', NULL, '2025-12-25 06:08:11', '2025-12-25 06:16:28'),
(917, 'App\\Models\\NguoiDung', 1, 'api', '6017f0fda4e8caa4ddd0b2add18c964505139ce195f6a68412caba1829da7202', '[\"*\"]', '2025-12-25 06:09:17', NULL, '2025-12-25 06:09:09', '2025-12-25 06:09:17'),
(918, 'App\\Models\\NguoiDung', 27, 'api', '66ef93dcc4e54f35deffffbecff82a8ba09f3ed64b3465cd4bdb2fdfdbd394f7', '[\"*\"]', '2025-12-25 06:17:13', NULL, '2025-12-25 06:11:04', '2025-12-25 06:17:13'),
(919, 'App\\Models\\NguoiDung', 27, 'view_hopdong', 'd0f4277c53b21722bcf4bc6b17e5cb32b8c6f57781913460a0bda382c70d9fb2', '[\"read\"]', NULL, NULL, '2025-12-25 06:16:33', '2025-12-25 06:16:33'),
(921, 'App\\Models\\NguoiDung', 1, 'api', '7569c37c76c0656edc8435d01d70d887a90fb577d1f5ff7957cf3c31a694af83', '[\"*\"]', '2025-12-25 09:50:28', NULL, '2025-12-25 09:50:20', '2025-12-25 09:50:28'),
(922, 'App\\Models\\NguoiDung', 27, 'api', '3cc6f50720b08e6b9b4691ff0cced433e969c9777267f3d6f8b7021ab9b7a388', '[\"*\"]', '2025-12-25 09:56:57', NULL, '2025-12-25 09:51:09', '2025-12-25 09:56:57'),
(925, 'App\\Models\\NguoiDung', 27, 'api', '46e5119cf4eb06270447d079415bb94e44564fbecaf459dd9258e96b9a18a94d', '[\"*\"]', '2025-12-25 10:04:55', NULL, '2025-12-25 10:04:15', '2025-12-25 10:04:55'),
(926, 'App\\Models\\NguoiDung', 1, 'api', 'e09ec2fc588cdf8855f073b835fb0a4cc1d65cf9ebdf2afeeeca31527c8cf3b6', '[\"*\"]', '2025-12-25 10:06:25', NULL, '2025-12-25 10:06:06', '2025-12-25 10:06:25'),
(927, 'App\\Models\\NguoiDung', 27, 'api', '5d48967461231362237ab4a7930c9c570b79f7e71f269d39ec1002e4f9e5b69f', '[\"*\"]', '2025-12-25 10:08:30', NULL, '2025-12-25 10:06:39', '2025-12-25 10:08:30'),
(928, 'App\\Models\\NguoiDung', 1, 'api', 'fcb6049a85a30308551b7514cda97dd40e258be3a5d56975dd1a43183ccfc117', '[\"*\"]', '2025-12-25 10:11:11', NULL, '2025-12-25 10:09:18', '2025-12-25 10:11:11'),
(929, 'App\\Models\\NguoiDung', 1, 'api', '41bb86760e4021b6e5a5f90b20f02df7544ddfda93a017c90fdc81d4f3da4571', '[\"*\"]', '2025-12-25 10:17:13', NULL, '2025-12-25 10:15:51', '2025-12-25 10:17:13'),
(930, 'App\\Models\\NguoiDung', 27, 'api', '55debeac61287af894c11ca113fd0be29250b43ae5e91f911a39db24fd22e6bf', '[\"*\"]', '2025-12-25 10:20:35', NULL, '2025-12-25 10:20:12', '2025-12-25 10:20:35'),
(932, 'App\\Models\\NguoiDung', 204, 'api', '9266c296ce1ece6170c1f95e99eeec0cec1357c9c09abb6fe140ad4d0022ba8a', '[\"*\"]', '2025-12-25 12:59:52', NULL, '2025-12-25 12:57:31', '2025-12-25 12:59:52'),
(933, 'App\\Models\\NguoiDung', 1, 'api', 'f4f1d34971f202a10765456bbd52db7996de3cd88cba8cb0c130c43efb23775d', '[\"*\"]', '2025-12-25 13:05:06', NULL, '2025-12-25 13:04:59', '2025-12-25 13:05:06'),
(934, 'App\\Models\\NguoiDung', 27, 'api', 'c1750355d03a0a1bc6c62ffbe06f19edfccbff785033b7e70b0f998dbeadf21c', '[\"*\"]', '2025-12-25 13:06:29', NULL, '2025-12-25 13:05:22', '2025-12-25 13:06:29'),
(937, 'App\\Models\\NguoiDung', 1, 'api', 'ce01ee954f1fc7bea1bde2658351fd4b06bd4ba3a7b07e7e9f3dd067e4a494a5', '[\"*\"]', '2025-12-25 14:34:32', NULL, '2025-12-25 14:34:22', '2025-12-25 14:34:32'),
(938, 'App\\Models\\NguoiDung', 27, 'api', '68441cf0e23bcec7d4310bd29882564b9ebeb2db8f5bd4bbffe8c284e6b1ee2b', '[\"*\"]', '2025-12-25 14:45:47', NULL, '2025-12-25 14:34:57', '2025-12-25 14:45:47'),
(939, 'App\\Models\\NguoiDung', 27, 'view_hopdong', '3af0a6159a3fe57e13e13c6c90799256f80771792c5476ae12b526ab97360bef', '[\"read\"]', NULL, NULL, '2025-12-25 14:41:22', '2025-12-25 14:41:22'),
(940, 'App\\Models\\NguoiDung', 27, 'api', '641e888fd27734078647667694017c556a7c5db432f44ac6cc90a009ad07aa70', '[\"*\"]', '2025-12-25 23:05:39', NULL, '2025-12-25 14:42:56', '2025-12-25 23:05:39'),
(941, 'App\\Models\\NguoiDung', 27, 'view_hopdong', '20ba1b7ead8c7ab7866758b2473b693b425390706a8975d80a7d3be97840826c', '[\"read\"]', NULL, NULL, '2025-12-25 14:56:08', '2025-12-25 14:56:08'),
(943, 'App\\Models\\NguoiDung', 1, 'api', 'dad430633b17483e7b0cac9c3dda0eebca92ee360f37309023335352f67ba202', '[\"*\"]', '2025-12-25 23:01:34', NULL, '2025-12-25 23:01:27', '2025-12-25 23:01:34'),
(944, 'App\\Models\\NguoiDung', 5, 'api', '114278406460d36e7dcfa5d9621e7b84debab01c7a614a3c9559a59923a28ade', '[\"*\"]', '2025-12-25 23:05:06', NULL, '2025-12-25 23:01:56', '2025-12-25 23:05:06'),
(945, 'App\\Models\\NguoiDung', 5, 'view_hopdong', 'be041baed27195fc722de3f1235c494ff5e44a66074edf49c26ef9bd5e7a950a', '[\"read\"]', NULL, NULL, '2025-12-25 23:02:40', '2025-12-25 23:02:40'),
(946, 'App\\Models\\NguoiDung', 5, 'view_hopdong', 'ccbe5ed83ad907c32b8d225720f4296db0116040ba074052dd7bff90e41e25b9', '[\"read\"]', NULL, NULL, '2025-12-25 23:02:42', '2025-12-25 23:02:42'),
(947, 'App\\Models\\NguoiDung', 5, 'view_hopdong', 'a28b0f236a25583e2358da9ff59daf591fb61d7f386438e7f309396c666c242d', '[\"read\"]', NULL, NULL, '2025-12-25 23:04:50', '2025-12-25 23:04:50'),
(948, 'App\\Models\\NguoiDung', 5, 'api', '3aa68c9a5b58cd40df7ecf9c5d5a9778aea615798f2e11367242c217a7565eac', '[\"*\"]', '2025-12-26 00:08:43', NULL, '2025-12-25 23:05:56', '2025-12-26 00:08:43'),
(951, 'App\\Models\\NguoiDung', 2, 'api', 'a220d4e45a3fba02896a0d6622af6f73bd6fb5218d3ebc3f593e9157cc913e15', '[\"*\"]', '2025-12-26 00:57:11', NULL, '2025-12-26 00:48:54', '2025-12-26 00:57:11'),
(952, 'App\\Models\\NguoiDung', 1, 'api', '0ac7a392ca3baede1aa7366a68f8df1abbaed3a79b10412279b5e0e1b3940f11', '[\"*\"]', '2025-12-26 00:51:19', NULL, '2025-12-26 00:51:10', '2025-12-26 00:51:19'),
(953, 'App\\Models\\NguoiDung', 27, 'api', '31aabc4533d0080186cefc012054aa5470fb9a2cd1fe8bec430241f94afed18e', '[\"*\"]', '2025-12-26 01:09:22', NULL, '2025-12-26 00:51:38', '2025-12-26 01:09:22'),
(954, 'App\\Models\\NguoiDung', 27, 'api', '43958b98a190516c463af967f59c75ee778a7d299c4969e7d8a4d7d11265e5ce', '[\"*\"]', '2025-12-26 01:05:42', NULL, '2025-12-26 00:54:18', '2025-12-26 01:05:42'),
(955, 'App\\Models\\NguoiDung', 27, 'view_hopdong', 'c4c8a02c479ddd58b37472cb05d61cf35c4a6bf8bb32acdd94fef117ebbdfbe4', '[\"read\"]', NULL, NULL, '2025-12-26 00:54:30', '2025-12-26 00:54:30');

-- --------------------------------------------------------

--
-- Cấu trúc bảng cho bảng `phong`
--

CREATE TABLE `phong` (
  `id` int(11) NOT NULL,
  `day_tro_id` int(11) NOT NULL,
  `so_phong` varchar(50) NOT NULL,
  `gia` decimal(12,2) NOT NULL,
  `trang_thai` enum('trong','da_thue','bao_tri') NOT NULL DEFAULT 'trong',
  `suc_chua` int(11) NOT NULL,
  `dien_tich` decimal(8,2) NOT NULL,
  `tang` int(11) NOT NULL,
  `ngay_tao` datetime NOT NULL DEFAULT current_timestamp(),
  `ngay_cap_nhat` datetime NOT NULL DEFAULT current_timestamp() ON UPDATE current_timestamp()
) ENGINE=InnoDB DEFAULT CHARSET=utf8mb4 COLLATE=utf8mb4_general_ci;

--
-- Đang đổ dữ liệu cho bảng `phong`
--

INSERT INTO `phong` (`id`, `day_tro_id`, `so_phong`, `gia`, `trang_thai`, `suc_chua`, `dien_tich`, `tang`, `ngay_tao`, `ngay_cap_nhat`) VALUES
(1, 1, 'A101', 2500000.00, 'da_thue', 2, 20.00, 3, '2025-10-11 11:36:01', '2025-12-24 15:19:12'),
(2, 1, 'A102', 2800000.00, 'da_thue', 2, 22.00, 1, '2025-10-11 11:36:01', '2025-12-24 15:19:12'),
(3, 2, 'B201', 3000000.00, 'da_thue', 3, 25.00, 2, '2025-10-11 11:36:01', '2025-12-24 15:19:12'),
(4, 3, 'C101', 3200000.00, 'da_thue', 2, 20.00, 1, '2025-10-11 11:36:01', '2025-12-24 15:19:12'),
(5, 4, 'D301', 3500000.00, 'da_thue', 3, 28.00, 3, '2025-10-11 11:36:01', '2025-12-24 15:19:12'),
(6, 5, 'E03', 3500000.00, 'da_thue', 2, 22.00, 2, '2025-10-19 10:41:25', '2025-12-25 20:00:12'),
(11, 5, 'E05', 3100000.00, 'trong', 3, 24.00, 2, '2025-10-22 22:21:31', '2025-11-05 18:42:07'),
(12, 2, 'B05', 2900000.00, 'trong', 3, 25.90, 4, '2025-10-22 22:34:07', '2025-12-23 14:04:45'),
(13, 5, 'E08', 1570000.00, 'da_thue', 2, 35.00, 2, '2025-10-26 20:22:40', '2025-12-24 15:19:12'),
(14, 6, 'A101', 2500000.00, 'trong', 2, 20.00, 1, '2025-11-17 06:17:32', '2025-11-17 06:17:32'),
(15, 6, 'A102', 2600000.00, 'trong', 2, 20.00, 2, '2025-11-17 06:17:32', '2025-11-17 06:17:32'),
(16, 7, 'B101', 2700000.00, 'trong', 2, 22.00, 1, '2025-11-17 06:17:32', '2025-11-17 06:17:32'),
(17, 7, 'B102', 2800000.00, 'trong', 3, 22.00, 2, '2025-11-17 06:17:32', '2025-11-17 06:17:32'),
(18, 8, 'C101', 2900000.00, 'trong', 2, 23.00, 1, '2025-11-17 06:17:32', '2025-11-17 06:17:32'),
(19, 8, 'C102', 3000000.00, 'trong', 3, 23.00, 2, '2025-11-17 06:17:32', '2025-11-17 06:17:32'),
(20, 9, 'D101', 3100000.00, 'trong', 2, 24.00, 1, '2025-11-17 06:17:32', '2025-11-17 06:17:32'),
(21, 9, 'D102', 3200000.00, 'trong', 3, 24.00, 2, '2025-11-17 06:17:32', '2025-11-17 06:17:32'),
(22, 10, 'E101', 3300000.00, 'trong', 2, 25.00, 1, '2025-11-17 06:17:32', '2025-11-17 06:17:32'),
(23, 10, 'E102', 3400000.00, 'trong', 3, 25.00, 2, '2025-11-17 06:17:32', '2025-11-17 06:17:32'),
(24, 11, 'A201', 2550000.00, 'trong', 2, 20.00, 1, '2025-11-17 06:17:32', '2025-11-17 06:17:32'),
(25, 11, 'A202', 2650000.00, 'trong', 3, 20.00, 2, '2025-11-17 06:17:32', '2025-11-17 06:17:32'),
(26, 12, 'B201', 2750000.00, 'trong', 2, 22.00, 1, '2025-11-17 06:17:32', '2025-11-17 06:17:32'),
(27, 12, 'B202', 2850000.00, 'trong', 3, 22.00, 2, '2025-11-17 06:17:32', '2025-11-17 06:17:32'),
(28, 13, 'C201', 2950000.00, 'trong', 2, 23.00, 1, '2025-11-17 06:17:32', '2025-11-17 06:17:32'),
(29, 13, 'C202', 3050000.00, 'trong', 3, 23.00, 2, '2025-11-17 06:17:32', '2025-11-17 06:17:32'),
(30, 14, 'D201', 3150000.00, 'trong', 2, 24.00, 1, '2025-11-17 06:17:32', '2025-11-17 06:17:32'),
(31, 14, 'D202', 3250000.00, 'trong', 3, 24.00, 2, '2025-11-17 06:17:32', '2025-11-17 06:17:32'),
(32, 15, 'E201', 3350000.00, 'trong', 2, 25.00, 1, '2025-11-17 06:17:32', '2025-11-17 06:17:32'),
(33, 15, 'E202', 3450000.00, 'trong', 3, 25.00, 2, '2025-11-17 06:17:32', '2025-11-17 06:17:32'),
(34, 16, 'A301', 2600000.00, 'trong', 2, 20.00, 1, '2025-11-17 06:17:32', '2025-11-17 06:17:32'),
(35, 16, 'A302', 2700000.00, 'trong', 3, 20.00, 2, '2025-11-17 06:17:32', '2025-11-17 06:17:32'),
(36, 17, 'B301', 2800000.00, 'trong', 2, 22.00, 1, '2025-11-17 06:17:32', '2025-11-17 06:17:32'),
(37, 17, 'B302', 2900000.00, 'trong', 3, 22.00, 2, '2025-11-17 06:17:32', '2025-11-17 06:17:32'),
(38, 18, 'C301', 3000000.00, 'trong', 2, 23.00, 1, '2025-11-17 06:17:32', '2025-11-17 06:17:32'),
(39, 18, 'C302', 3100000.00, 'trong', 3, 23.00, 2, '2025-11-17 06:17:32', '2025-11-17 06:17:32'),
(40, 19, 'D301', 3200000.00, 'trong', 2, 24.00, 1, '2025-11-17 06:17:32', '2025-11-17 06:17:32'),
(41, 19, 'D302', 3300000.00, 'trong', 3, 24.00, 2, '2025-11-17 06:17:32', '2025-11-17 06:17:32'),
(42, 20, 'E301', 3400000.00, 'trong', 2, 25.00, 1, '2025-11-17 06:17:32', '2025-11-17 06:17:32'),
(43, 20, 'E302', 3500000.00, 'trong', 3, 25.00, 2, '2025-11-17 06:17:32', '2025-11-17 06:17:32'),
(44, 21, 'A401', 2650000.00, 'trong', 2, 20.00, 1, '2025-11-17 06:17:32', '2025-11-17 06:17:32'),
(45, 21, 'A402', 2750000.00, 'trong', 3, 20.00, 2, '2025-11-17 06:17:32', '2025-11-17 06:17:32'),
(46, 22, 'B401', 2850000.00, 'trong', 2, 22.00, 1, '2025-11-17 06:17:32', '2025-11-17 06:17:32'),
(47, 22, 'B402', 2950000.00, 'trong', 3, 22.00, 2, '2025-11-17 06:17:32', '2025-11-17 06:17:32'),
(48, 23, 'C401', 3050000.00, 'trong', 2, 23.00, 1, '2025-11-17 06:17:32', '2025-11-17 06:17:32'),
(49, 23, 'C402', 3150000.00, 'trong', 3, 23.00, 2, '2025-11-17 06:17:32', '2025-11-17 06:17:32'),
(50, 24, 'D401', 3250000.00, 'trong', 2, 24.00, 1, '2025-11-17 06:17:32', '2025-11-17 06:17:32'),
(51, 24, 'D402', 3350000.00, 'trong', 3, 24.00, 2, '2025-11-17 06:17:32', '2025-11-17 06:17:32'),
(52, 25, 'E401', 3450000.00, 'trong', 2, 25.00, 1, '2025-11-17 06:17:32', '2025-11-17 06:17:32'),
(53, 25, 'E402', 3550000.00, 'trong', 3, 25.00, 2, '2025-11-17 06:17:32', '2025-11-17 06:17:32'),
(54, 26, 'A501', 2700000.00, 'trong', 2, 20.00, 1, '2025-11-17 06:17:32', '2025-11-17 06:17:32'),
(55, 26, 'A502', 2800000.00, 'trong', 3, 20.00, 2, '2025-11-17 06:17:32', '2025-11-17 06:17:32'),
(56, 27, 'B501', 2900000.00, 'trong', 2, 22.00, 1, '2025-11-17 06:17:32', '2025-11-17 06:17:32'),
(57, 27, 'B502', 3000000.00, 'trong', 3, 22.00, 2, '2025-11-17 06:17:32', '2025-11-17 06:17:32'),
(58, 28, 'C501', 3100000.00, 'trong', 2, 23.00, 1, '2025-11-17 06:17:32', '2025-11-17 06:17:32'),
(59, 28, 'C502', 3200000.00, 'trong', 3, 23.00, 2, '2025-11-17 06:17:32', '2025-11-17 06:17:32'),
(60, 29, 'D501', 3300000.00, 'trong', 2, 24.00, 1, '2025-11-17 06:17:32', '2025-11-17 06:17:32'),
(61, 29, 'D502', 3400000.00, 'trong', 3, 24.00, 2, '2025-11-17 06:17:32', '2025-11-17 06:17:32'),
(62, 30, 'E501', 3500000.00, 'trong', 2, 25.00, 1, '2025-11-17 06:17:32', '2025-11-17 06:17:32'),
(63, 5, 'C105', 4000000.00, 'da_thue', 2, 25.00, 2, '2025-11-19 20:24:33', '2025-12-24 15:19:12'),
(64, 3, 'C107', 5000000.00, 'trong', 3, 25.00, 1, '2025-11-30 10:51:50', '2025-11-30 10:51:50'),
(65, 36, '4', 30000.00, 'trong', 2, 33.00, 1, '2025-12-23 11:15:02', '2025-12-23 19:01:22'),
(66, 37, 'F01', 30000.00, 'da_thue', 2, 31.00, 3, '2025-12-23 12:09:38', '2025-12-24 15:19:12'),
(67, 36, 'K02', 16000.00, 'trong', 2, 14.00, 4, '2025-12-23 13:02:45', '2025-12-24 14:27:41'),
(69, 36, 'K09', 43000.00, 'trong', 3, 18.00, 1, '2025-12-23 14:09:40', '2025-12-23 14:26:42'),
(70, 36, 'K08', 25000.00, 'da_thue', 2, 25.00, 3, '2025-12-23 14:28:15', '2025-12-24 15:19:12'),
(71, 6, 'A100', 10000.00, 'da_thue', 2, 21.00, 2, '2025-12-24 14:55:09', '2025-12-24 15:19:12'),
(72, 7, 'BBBB', 50000.00, 'da_thue', 2, 33.00, 2, '2025-12-24 15:08:50', '2025-12-24 15:19:12'),
(73, 38, 'X199', 50000.00, 'da_thue', 3, 44.00, 2, '2025-12-24 15:14:44', '2025-12-24 15:19:12'),
(74, 39, 'M001', 24000.00, 'da_thue', 3, 34.00, 2, '2025-12-24 15:21:54', '2025-12-24 15:25:58'),
(75, 39, 'm100', 35000.00, 'da_thue', 2, 33.90, 2, '2025-12-24 15:29:07', '2025-12-24 17:06:21'),
(76, 40, 'CC01', 47000.00, 'da_thue', 2, 64.00, 2, '2025-12-24 15:33:11', '2025-12-24 15:36:24'),
(77, 39, 'M80', 65000.00, 'da_thue', 3, 53.00, 2, '2025-12-24 16:53:12', '2025-12-24 16:58:00'),
(78, 41, 'P99', 76000.00, 'da_thue', 3, 52.00, 2, '2025-12-25 06:57:33', '2025-12-25 07:02:56'),
(79, 41, 'P00', 54000.00, 'da_thue', 2, 24.00, 2, '2025-12-25 07:07:06', '2025-12-25 20:06:38'),
(80, 41, 'P89', 45000.00, 'da_thue', 3, 54.00, 3, '2025-12-25 07:38:47', '2025-12-26 06:04:01'),
(81, 42, 'J97', 35000.00, 'trong', 2, 31.00, 3, '2025-12-25 07:43:59', '2025-12-25 07:43:59'),
(82, 28, 'F97', 35000.00, 'trong', 2, 34.00, 3, '2025-12-25 07:46:13', '2025-12-25 07:46:13'),
(83, 35, 'G63', 35000.00, 'da_thue', 3, 42.00, 6, '2025-12-25 07:52:58', '2025-12-25 07:55:17'),
(84, 40, 'CC99', 35000.00, 'da_thue', 3, 25.00, 5, '2025-12-25 10:32:41', '2025-12-25 11:51:58'),
(85, 43, 'BTC001', 56000.00, 'da_thue', 3, 34.00, 2, '2025-12-25 21:33:28', '2025-12-25 21:39:20'),
(86, 44, 'J970001', 57000.00, 'da_thue', 2, 34.00, 3, '2025-12-26 07:50:14', '2025-12-26 07:53:51');

--
-- Bẫy `phong`
--
DELIMITER $$
CREATE TRIGGER `trg_phong_after_delete` AFTER DELETE ON `phong` FOR EACH ROW BEGIN
    -- Giảm tổng số phòng
    UPDATE day_tro
    SET so_phong = GREATEST(COALESCE(so_phong, 0) - 1, 0)
    WHERE id = OLD.day_tro_id;

    -- Giảm theo trạng thái
    IF OLD.trang_thai = 'trong' THEN
        UPDATE day_tro SET so_phong_trong = GREATEST(COALESCE(so_phong_trong, 0) - 1, 0) WHERE id = OLD.day_tro_id;
    ELSEIF OLD.trang_thai = 'da_thue' THEN
        UPDATE day_tro SET so_phong_da_thue = GREATEST(COALESCE(so_phong_da_thue, 0) - 1, 0) WHERE id = OLD.day_tro_id;
    ELSEIF OLD.trang_thai = 'bao_tri' THEN
        UPDATE day_tro SET so_phong_bao_tri = GREATEST(COALESCE(so_phong_bao_tri, 0) - 1, 0) WHERE id = OLD.day_tro_id;
    END IF;
END
$$
DELIMITER ;
DELIMITER $$
CREATE TRIGGER `trg_phong_after_insert` AFTER INSERT ON `phong` FOR EACH ROW BEGIN
    -- Cập nhật tổng số phòng
    UPDATE day_tro
    SET so_phong = COALESCE(so_phong, 0) + 1
    WHERE id = NEW.day_tro_id;

    -- Cập nhật trạng thái tương ứng
    IF NEW.trang_thai = 'trong' THEN
        UPDATE day_tro SET so_phong_trong = COALESCE(so_phong_trong, 0) + 1 WHERE id = NEW.day_tro_id;
    ELSEIF NEW.trang_thai = 'da_thue' THEN
        UPDATE day_tro SET so_phong_da_thue = COALESCE(so_phong_da_thue, 0) + 1 WHERE id = NEW.day_tro_id;
    ELSEIF NEW.trang_thai = 'bao_tri' THEN
        UPDATE day_tro SET so_phong_bao_tri = COALESCE(so_phong_bao_tri, 0) + 1 WHERE id = NEW.day_tro_id;
    END IF;
END
$$
DELIMITER ;
DELIMITER $$
CREATE TRIGGER `trg_phong_after_update` AFTER UPDATE ON `phong` FOR EACH ROW BEGIN
    -- Nếu chuyển sang dãy khác
    IF OLD.day_tro_id <> NEW.day_tro_id THEN
        UPDATE day_tro
        SET so_phong = GREATEST(COALESCE(so_phong, 0) - 1, 0)
        WHERE id = OLD.day_tro_id;

        UPDATE day_tro
        SET so_phong = COALESCE(so_phong, 0) + 1
        WHERE id = NEW.day_tro_id;
    END IF;

    -- Nếu thay đổi trạng thái
    IF OLD.trang_thai <> NEW.trang_thai THEN
        -- Trừ trạng thái cũ
        IF OLD.trang_thai = 'trong' THEN
            UPDATE day_tro SET so_phong_trong = GREATEST(COALESCE(so_phong_trong, 0) - 1, 0) WHERE id = OLD.day_tro_id;
        ELSEIF OLD.trang_thai = 'da_thue' THEN
            UPDATE day_tro SET so_phong_da_thue = GREATEST(COALESCE(so_phong_da_thue, 0) - 1, 0) WHERE id = OLD.day_tro_id;
        ELSEIF OLD.trang_thai = 'bao_tri' THEN
            UPDATE day_tro SET so_phong_bao_tri = GREATEST(COALESCE(so_phong_bao_tri, 0) - 1, 0) WHERE id = OLD.day_tro_id;
        END IF;

        -- Cộng trạng thái mới
        IF NEW.trang_thai = 'trong' THEN
            UPDATE day_tro SET so_phong_trong = COALESCE(so_phong_trong, 0) + 1 WHERE id = NEW.day_tro_id;
        ELSEIF NEW.trang_thai = 'da_thue' THEN
            UPDATE day_tro SET so_phong_da_thue = COALESCE(so_phong_da_thue, 0) + 1 WHERE id = NEW.day_tro_id;
        ELSEIF NEW.trang_thai = 'bao_tri' THEN
            UPDATE day_tro SET so_phong_bao_tri = COALESCE(so_phong_bao_tri, 0) + 1 WHERE id = NEW.day_tro_id;
        END IF;
    END IF;
END
$$
DELIMITER ;

-- --------------------------------------------------------

--
-- Cấu trúc bảng cho bảng `phong_tien_ich`
--

CREATE TABLE `phong_tien_ich` (
  `phong_id` int(11) NOT NULL,
  `tien_ich_id` int(11) NOT NULL
) ENGINE=InnoDB DEFAULT CHARSET=utf8mb4 COLLATE=utf8mb4_general_ci;

--
-- Đang đổ dữ liệu cho bảng `phong_tien_ich`
--

INSERT INTO `phong_tien_ich` (`phong_id`, `tien_ich_id`) VALUES
(1, 1),
(1, 3),
(2, 1),
(2, 5),
(3, 2);

-- --------------------------------------------------------

--
-- Cấu trúc bảng cho bảng `phuong_tien`
--

CREATE TABLE `phuong_tien` (
  `id` int(11) NOT NULL,
  `khach_thue_id` int(11) NOT NULL,
  `loai` enum('xe_may','xe_dap','o_to','khac') NOT NULL,
  `bien_so` varchar(20) NOT NULL,
  `mo_ta` varchar(255) NOT NULL,
  `hoat_dong` tinyint(4) NOT NULL DEFAULT 1,
  `ngay_tao` datetime NOT NULL DEFAULT current_timestamp()
) ENGINE=InnoDB DEFAULT CHARSET=utf8mb4 COLLATE=utf8mb4_general_ci;

--
-- Đang đổ dữ liệu cho bảng `phuong_tien`
--

INSERT INTO `phuong_tien` (`id`, `khach_thue_id`, `loai`, `bien_so`, `mo_ta`, `hoat_dong`, `ngay_tao`) VALUES
(1, 4, 'xe_may', '59A1-12345', 'Xe máy SH', 1, '2025-10-11 11:36:01'),
(2, 4, 'xe_may', '59B1-54321', 'Xe máy AirBlade', 1, '2025-10-11 11:36:01'),
(3, 5, 'xe_dap', 'N/A', 'Xe đạp địa hình', 1, '2025-10-11 11:36:01'),
(4, 5, 'o_to', '51H-99999', 'Xe ô tô 4 chỗ', 1, '2025-10-11 11:36:01'),
(5, 5, 'xe_may', '59C1-88888', 'Xe máy Vision', 1, '2025-10-11 11:36:01');

-- --------------------------------------------------------

--
-- Cấu trúc bảng cho bảng `tam_tru`
--

CREATE TABLE `tam_tru` (
  `id` int(11) NOT NULL,
  `hop_dong_id` int(11) NOT NULL,
  `ngay_lam` date NOT NULL,
  `co_quan` varchar(255) NOT NULL,
  `so_giay_to` varchar(100) NOT NULL
) ENGINE=InnoDB DEFAULT CHARSET=utf8mb4 COLLATE=utf8mb4_general_ci;

--
-- Đang đổ dữ liệu cho bảng `tam_tru`
--

INSERT INTO `tam_tru` (`id`, `hop_dong_id`, `ngay_lam`, `co_quan`, `so_giay_to`) VALUES
(1, 1, '2025-01-05', 'Công an Q1', 'TT001'),
(2, 2, '2025-02-05', 'Công an Q1', 'TT002'),
(3, 3, '2025-01-20', 'Công an Q5', 'TT003'),
(4, 4, '2025-03-10', 'Công an Q5', 'TT004'),
(5, 5, '2025-04-10', 'Công an Q3', 'TT005');

-- --------------------------------------------------------

--
-- Cấu trúc bảng cho bảng `thanh_toan`
--

CREATE TABLE `thanh_toan` (
  `id` int(11) NOT NULL,
  `hoa_don_id` int(11) NOT NULL,
  `ngay_thanh_toan` datetime NOT NULL,
  `so_tien` decimal(12,2) NOT NULL,
  `phuong_thuc` enum('tien_mat','chuyen_khoan','momo','zalopay','khac') NOT NULL,
  `ma_giao_dich` varchar(100) NOT NULL,
  `ngay_tao` datetime NOT NULL DEFAULT current_timestamp()
) ENGINE=InnoDB DEFAULT CHARSET=utf8mb4 COLLATE=utf8mb4_general_ci;

--
-- Đang đổ dữ liệu cho bảng `thanh_toan`
--

INSERT INTO `thanh_toan` (`id`, `hoa_don_id`, `ngay_thanh_toan`, `so_tien`, `phuong_thuc`, `ma_giao_dich`, `ngay_tao`) VALUES
(1, 1, '2025-01-05 00:00:00', 3200000.00, 'chuyen_khoan', 'GD001', '2025-10-11 11:36:01'),
(2, 2, '2025-02-06 00:00:00', 2000000.00, 'momo', 'GD002', '2025-10-11 11:36:01'),
(3, 4, '2025-03-05 00:00:00', 3930000.00, 'tien_mat', 'GD003', '2025-10-11 11:36:01'),
(4, 1, '2025-01-06 00:00:00', 500000.00, 'momo', 'GD004', '2025-10-11 11:36:01'),
(5, 2, '2025-02-08 00:00:00', 500000.00, 'zalopay', 'GD005', '2025-10-11 11:36:01');

-- --------------------------------------------------------

--
-- Cấu trúc bảng cho bảng `thong_bao`
--

CREATE TABLE `thong_bao` (
  `id` int(11) NOT NULL,
  `nguoi_nhan_id` int(11) NOT NULL,
  `noi_dung` varchar(500) NOT NULL,
  `loai` varchar(50) DEFAULT NULL,
  `trang_thai` varchar(20) DEFAULT 'chua_doc',
  `lien_ket` varchar(255) DEFAULT NULL,
  `da_xem` tinyint(1) DEFAULT 0,
  `ngay_tao` datetime DEFAULT current_timestamp()
) ENGINE=InnoDB DEFAULT CHARSET=utf8mb4 COLLATE=utf8mb4_unicode_ci;

--
-- Đang đổ dữ liệu cho bảng `thong_bao`
--

INSERT INTO `thong_bao` (`id`, `nguoi_nhan_id`, `noi_dung`, `loai`, `trang_thai`, `lien_ket`, `da_xem`, `ngay_tao`) VALUES
(1, 1, 'Khách Nguyễn Văn A đã gửi yêu cầu thuê phòng A101', NULL, 'chua_doc', '/chu-tro/yeu-cau/1', 0, '2025-10-18 20:54:26'),
(2, 1, 'Khách Trần Thị B muốn thuê phòng B202', NULL, 'chua_doc', '/chu-tro/yeu-cau/2', 0, '2025-10-18 20:54:26'),
(3, 1, 'Phòng C303 vừa được xem 5 lần hôm nay', NULL, 'chua_doc', '/chu-tro/phong/3', 1, '2025-10-18 20:54:26'),
(9, 3, 'Khách \"Lê Văn Kiệt\" vừa gửi yêu cầu thuê phòng \"B201\"', NULL, 'chua_doc', '/chu-tro/yeu-cau-thue', 1, '2025-11-05 11:34:10'),
(10, 3, 'Khách \"Lê Văn Kiệt\" vừa gửi yêu cầu thuê phòng \"B201\"', NULL, 'chua_doc', '/chu-tro/yeu-cau-thue', 1, '2025-11-05 11:48:53'),
(11, 3, 'Khách \"Lê Văn Kiệt\" vừa gửi yêu cầu thuê phòng \"B201\"', NULL, 'chua_doc', '/chu-tro/yeu-cau-thue', 1, '2025-11-05 11:52:32'),
(12, 3, 'Khách \"Phạm Thị Linh\" vừa gửi yêu cầu thuê phòng \"B201\"', NULL, 'chua_doc', '/chu-tro/yeu-cau-thue', 1, '2025-11-05 12:00:23'),
(124, 4, 'Chủ trọ đã xóa hợp đồng thuê của bạn cho phòng 3.', NULL, 'chua_doc', '/khach-thue/hop-dong', 0, '2025-11-08 04:36:55'),
(126, 4, 'Chủ trọ Duy Bảo đã chấp nhận yêu cầu thuê và tạo hợp đồng cho phòng B201 - Dãy B.', NULL, 'chua_doc', '/khach-thue/hop-dong', 0, '2025-11-08 04:39:06'),
(127, 4, '📩 Chủ trọ yêu cầu thanh toán hóa đơn tháng 2025-11 cho phòng B201.', 'hoa_don', 'chua_doc', '/khach-thue/hoa-don/36', 0, '2025-11-08 04:39:23'),
(129, 4, 'Chủ trọ đã xóa hợp đồng thuê của bạn cho phòng 3.', NULL, 'chua_doc', '/khach-thue/hop-dong', 0, '2025-11-08 04:42:33'),
(131, 4, 'Chủ trọ Duy Bảo đã chấp nhận yêu cầu thuê và tạo hợp đồng cho phòng B201 - Dãy B.', NULL, 'chua_doc', '/khach-thue/hop-dong', 0, '2025-11-08 04:43:30'),
(132, 4, '📩 Chủ trọ yêu cầu thanh toán hóa đơn tháng 2025-11 cho phòng B201.', 'hoa_don', 'chua_doc', '/khach-thue/hoa-don/37', 0, '2025-11-08 04:43:53'),
(134, 4, '💰 Chủ trọ đã xác nhận bạn đã thanh toán hóa đơn tháng 2025-11 phòng B201.', 'hoa_don', 'chua_doc', '/khach-thue/hoa-don/37', 0, '2025-11-08 04:44:42'),
(135, 4, 'Chủ trọ đã xóa hợp đồng thuê của bạn cho phòng 3.', NULL, 'chua_doc', '/khach-thue/hop-dong', 0, '2025-11-08 04:48:15'),
(137, 4, 'Chủ trọ Duy Bảo đã chấp nhận yêu cầu thuê và tạo hợp đồng cho phòng B201 - Dãy B.', NULL, 'chua_doc', '/khach-thue/hop-dong', 0, '2025-11-08 04:49:34'),
(138, 4, '📩 Chủ trọ yêu cầu thanh toán hóa đơn tháng 2025-11 cho phòng B201.', 'hoa_don', 'chua_doc', '/khach-thue/hoa-don/38', 0, '2025-11-08 04:49:44'),
(140, 4, '💰 Chủ trọ đã xác nhận bạn đã thanh toán hóa đơn tháng 2025-11 phòng B201.', 'hoa_don', 'chua_doc', '/khach-thue/hoa-don/38', 0, '2025-11-08 04:50:30'),
(141, 4, 'Chủ trọ đã xóa hợp đồng thuê của bạn cho phòng 3.', NULL, 'chua_doc', '/khach-thue/hop-dong', 0, '2025-11-08 04:59:17'),
(143, 4, 'Chủ trọ Duy Bảo đã chấp nhận yêu cầu thuê và tạo hợp đồng cho phòng B201 - Dãy B.', NULL, 'chua_doc', '/khach-thue/hop-dong', 0, '2025-11-08 05:00:29'),
(144, 4, '📩 Chủ trọ yêu cầu thanh toán hóa đơn tháng 2025-11 cho phòng B201.', 'hoa_don', 'chua_doc', '/khach-thue/hoa-don/39', 0, '2025-11-08 05:00:44'),
(146, 4, '💰 Chủ trọ đã xác nhận bạn đã thanh toán hóa đơn tháng 2025-11 phòng B201.', 'hoa_don', 'chua_doc', '/khach-thue/hoa-don/39', 0, '2025-11-08 05:01:34'),
(147, 4, 'Chủ trọ đã xóa hợp đồng thuê của bạn cho phòng 3.', NULL, 'chua_doc', '/khach-thue/hop-dong', 0, '2025-11-08 05:04:42'),
(149, 4, 'Chủ trọ Duy Bảo đã chấp nhận yêu cầu thuê và tạo hợp đồng cho phòng B201 - Dãy B.', NULL, 'chua_doc', '/khach-thue/hop-dong', 0, '2025-11-08 05:05:52'),
(150, 4, '📩 Chủ trọ yêu cầu thanh toán hóa đơn tháng 2025-11 cho phòng B201.', 'hoa_don', 'chua_doc', '/khach-thue/hoa-don/40', 0, '2025-11-08 05:06:03'),
(152, 4, '💰 Chủ trọ đã xác nhận bạn đã thanh toán hóa đơn tháng 2025-11 phòng B201.', 'hoa_don', 'chua_doc', '/khach-thue/hoa-don/40', 0, '2025-11-08 05:07:02'),
(153, 4, 'Chủ trọ đã xóa hợp đồng thuê của bạn cho phòng 3.', NULL, 'chua_doc', '/khach-thue/hop-dong', 0, '2025-11-08 05:08:41'),
(155, 4, 'Chủ trọ Duy Bảo đã chấp nhận yêu cầu thuê và tạo hợp đồng cho phòng B201 - Dãy B.', NULL, 'chua_doc', '/khach-thue/hop-dong', 0, '2025-11-08 05:10:46'),
(156, 4, '📩 Chủ trọ yêu cầu thanh toán hóa đơn tháng 2025-11 cho phòng B201.', 'hoa_don', 'chua_doc', '/khach-thue/hoa-don/42', 0, '2025-11-08 05:11:04'),
(158, 4, '💰 Chủ trọ đã xác nhận bạn đã thanh toán hóa đơn tháng 2025-11 phòng B201.', 'hoa_don', 'chua_doc', '/khach-thue/hoa-don/42', 0, '2025-11-08 05:12:43'),
(159, 4, 'Chủ trọ đã xóa hợp đồng thuê của bạn cho phòng 3.', NULL, 'chua_doc', '/khach-thue/hop-dong', 0, '2025-11-08 05:14:05'),
(160, 2, 'Khách \"Lê Văn Kiệt\" vừa gửi yêu cầu thuê phòng \"B201\"', NULL, 'chua_doc', '/chu-tro/yeu-cau-thue', 1, '2025-11-08 12:14:34'),
(161, 4, 'Chủ trọ Duy Bảo đã chấp nhận yêu cầu thuê và tạo hợp đồng cho phòng B201 - Dãy B.', NULL, 'chua_doc', '/khach-thue/hop-dong', 0, '2025-11-08 05:14:59'),
(162, 4, '📩 Chủ trọ yêu cầu thanh toán hóa đơn tháng 2025-11 cho phòng B201.', 'hoa_don', 'chua_doc', '/khach-thue/hoa-don/43', 0, '2025-11-08 05:15:14'),
(163, 2, '📨 Khách thuê phòng B201 đã xác nhận đã chuyển khoản thanh toán hóa đơn tháng 2025-11.', 'hoa_don', 'chua_doc', '/chu-tro/hoadon?id=43', 1, '2025-11-08 05:15:38'),
(164, 4, '💰 Chủ trọ đã xác nhận bạn đã thanh toán hóa đơn tháng 2025-11 phòng B201.', 'hoa_don', 'chua_doc', '/khach-thue/hoa-don/43', 0, '2025-11-08 05:15:56'),
(165, 4, 'Chủ trọ đã xóa hợp đồng thuê của bạn cho phòng 3.', NULL, 'chua_doc', '/khach-thue/hop-dong', 0, '2025-11-08 08:29:01'),
(166, 2, 'Khách \"Lê Văn Kiệt\" vừa gửi yêu cầu thuê phòng \"B201\"', NULL, 'chua_doc', '/chu-tro/yeu-cau-thue', 1, '2025-11-08 15:30:35'),
(167, 4, 'Chủ trọ Duy Bảo đã chấp nhận yêu cầu thuê và tạo hợp đồng cho phòng B201 - Dãy B.', NULL, 'chua_doc', '/khach-thue/hop-dong', 0, '2025-11-08 08:31:32'),
(168, 5, 'Chủ trọ Duy Bảo đã từ chối yêu cầu thuê của bạn.', NULL, 'chua_doc', '/khach-thue/yeu-cau-thue', 0, '2025-11-08 08:31:40'),
(169, 4, '📩 Chủ trọ yêu cầu thanh toán hóa đơn tháng 2025-11 cho phòng B201.', 'hoa_don', 'chua_doc', '/khach-thue/hoa-don/44', 0, '2025-11-08 08:32:00'),
(170, 2, '📨 Khách thuê phòng B201 đã xác nhận đã chuyển khoản thanh toán hóa đơn tháng 2025-11.', 'hoa_don', 'chua_doc', '/chu-tro/hoadon?id=44', 1, '2025-11-08 08:32:27'),
(171, 4, '❌ Yêu cầu xác nhận thanh toán HĐ tháng 2025-11 (phòng B201) đã bị từ chối. Vui lòng thanh toán lại qua QR và bấm xác nhận.', 'hoa_don', 'chua_doc', '/khach-thue/hoa-don/44', 0, '2025-11-08 08:32:55'),
(172, 2, '📨 Khách thuê phòng B201 đã xác nhận đã chuyển khoản thanh toán hóa đơn tháng 2025-11.', 'hoa_don', 'chua_doc', '/chu-tro/hoadon?id=44', 1, '2025-11-08 08:33:27'),
(173, 4, '💰 Chủ trọ đã xác nhận bạn đã thanh toán hóa đơn tháng 2025-11 phòng B201.', 'hoa_don', 'chua_doc', '/khach-thue/hoa-don/44', 0, '2025-11-08 08:33:49'),
(174, 4, 'Chủ trọ đã xóa hợp đồng thuê của bạn cho phòng 3.', NULL, 'chua_doc', '/khach-thue/hop-dong', 0, '2025-11-08 08:41:03'),
(175, 2, 'Khách \"Lê Văn Kiệt\" vừa gửi yêu cầu thuê phòng \"B201\"', NULL, 'chua_doc', '/chu-tro/yeu-cau-thue', 1, '2025-11-08 15:44:41'),
(176, 4, 'Chủ trọ Duy Bảo đã chấp nhận yêu cầu thuê và tạo hợp đồng cho phòng B201 - Dãy B.', NULL, 'chua_doc', '/khach-thue/hop-dong', 0, '2025-11-08 08:45:10'),
(177, 4, '📩 Chủ trọ yêu cầu thanh toán hóa đơn tháng 2025-11 cho phòng B201.', 'hoa_don', 'chua_doc', '/khach-thue/hoa-don/45', 0, '2025-11-08 08:45:37'),
(178, 2, '📨 Khách thuê phòng B201 đã xác nhận đã chuyển khoản thanh toán hóa đơn tháng 2025-11.', 'hoa_don', 'chua_doc', '/chu-tro/hoadon?id=45', 1, '2025-11-08 08:46:17'),
(179, 4, '❌ Yêu cầu xác nhận thanh toán HĐ tháng 2025-11 (phòng B201) đã bị từ chối. Vui lòng thanh toán lại qua QR và bấm xác nhận.', 'hoa_don', 'chua_doc', '/khach-thue/hoa-don/45', 0, '2025-11-08 08:46:40'),
(180, 2, '📨 Khách thuê phòng B201 đã xác nhận đã chuyển khoản thanh toán hóa đơn tháng 2025-11.', 'hoa_don', 'chua_doc', '/chu-tro/hoadon?id=45', 1, '2025-11-08 08:47:14'),
(181, 4, '💰 Chủ trọ đã xác nhận bạn đã thanh toán hóa đơn tháng 2025-11 phòng B201.', 'hoa_don', 'chua_doc', '/khach-thue/hoa-don/45', 0, '2025-11-08 08:47:36'),
(182, 4, 'Chủ trọ đã xóa hợp đồng thuê của bạn cho phòng 3.', NULL, 'chua_doc', '/khach-thue/hop-dong', 0, '2025-11-08 09:51:09'),
(183, 2, 'Khách \"Lê Văn Kiệt\" vừa gửi yêu cầu thuê phòng \"B201\"', NULL, 'chua_doc', '/chu-tro/yeu-cau-thue', 1, '2025-11-08 20:08:31'),
(184, 4, 'Chủ trọ Duy Bảo đã chấp nhận yêu cầu thuê và tạo hợp đồng cho phòng B201 - Dãy B.', NULL, 'chua_doc', '/khach-thue/hop-dong', 0, '2025-11-08 13:09:06'),
(185, 4, '📩 Chủ trọ yêu cầu thanh toán hóa đơn tháng 2025-11 cho phòng B201.', 'hoa_don', 'chua_doc', '/khach-thue/hoa-don/46', 0, '2025-11-08 13:09:24'),
(186, 2, '📨 Khách thuê phòng B201 đã xác nhận đã chuyển khoản thanh toán hóa đơn tháng 2025-11.', 'hoa_don', 'chua_doc', '/chu-tro/hoadon?id=46', 1, '2025-11-08 13:09:58'),
(187, 4, '❌ Yêu cầu xác nhận thanh toán HĐ tháng 2025-11 (phòng B201) đã bị từ chối. Vui lòng thanh toán lại qua QR và bấm xác nhận.', 'hoa_don', 'chua_doc', '/khach-thue/hoa-don/46', 0, '2025-11-08 13:10:19'),
(188, 2, '📨 Khách thuê phòng B201 đã xác nhận đã chuyển khoản thanh toán hóa đơn tháng 2025-11.', 'hoa_don', 'chua_doc', '/chu-tro/hoadon?id=46', 1, '2025-11-08 13:11:10'),
(189, 4, '💰 Chủ trọ đã xác nhận bạn đã thanh toán hóa đơn tháng 2025-11 phòng B201.', 'hoa_don', 'chua_doc', '/khach-thue/hoa-don/46', 0, '2025-11-08 13:11:27'),
(190, 4, 'Chủ trọ đã xóa hợp đồng thuê của bạn cho phòng 3.', NULL, 'chua_doc', '/khach-thue/hop-dong', 0, '2025-11-08 13:12:13'),
(191, 2, 'Khách \"Lê Văn Kiệt\" vừa gửi yêu cầu thuê phòng \"B201\"', NULL, 'chua_doc', '/chu-tro/yeu-cau-thue', 1, '2025-11-08 20:37:44'),
(192, 4, 'Chủ trọ Duy Bảo đã chấp nhận yêu cầu thuê và tạo hợp đồng cho phòng B201 - Dãy B.', NULL, 'chua_doc', '/khach-thue/hop-dong', 0, '2025-11-08 13:38:20'),
(193, 4, '📩 Chủ trọ yêu cầu thanh toán hóa đơn tháng 2025-11 cho phòng B201.', 'hoa_don', 'chua_doc', '/khach-thue/hoa-don/47', 0, '2025-11-08 13:38:40'),
(194, 4, '📩 Chủ trọ yêu cầu thanh toán hóa đơn tháng 2025-11 cho phòng D301.', 'hoa_don', 'chua_doc', '/khach-thue/hoa-don/49', 0, '2025-11-08 13:40:24'),
(195, 4, '📩 Chủ trọ yêu cầu thanh toán hóa đơn tháng 2026-01 cho phòng A101.', 'hoa_don', 'chua_doc', '/khach-thue/hoa-don/41', 0, '2025-11-19 13:28:44'),
(196, 2, 'Khách \"tran ly\" vừa gửi yêu cầu thuê phòng \"B05\"', NULL, 'chua_doc', '/chu-tro/yeu-cau-thue', 1, '2025-12-22 15:08:37'),
(197, 27, 'Chủ trọ Duy Bảo đã chấp nhận yêu cầu thuê và tạo hợp đồng cho phòng B05 - Dãy B.', NULL, 'chua_doc', '/khach-thue/hop-dong', 1, '2025-12-22 15:10:19'),
(198, 2, 'Khách \"tran ly\" vừa gửi yêu cầu thuê phòng \"B05\"', NULL, 'chua_doc', '/chu-tro/yeu-cau-thue', 1, '2025-12-22 15:21:43'),
(199, 27, 'Chủ trọ Duy Bảo đã chấp nhận yêu cầu thuê và tạo hợp đồng cho phòng B05 - Dãy B.', NULL, 'chua_doc', '/khach-thue/hop-dong', 1, '2025-12-22 15:35:29'),
(200, 2, 'Khách \"tran ly\" vừa gửi yêu cầu thuê phòng \"4\"', NULL, 'chua_doc', '/chu-tro/yeu-cau-thue', 1, '2025-12-23 11:30:55'),
(201, 27, 'Chủ trọ Duy Bảo đã chấp nhận yêu cầu thuê và tạo hợp đồng cho phòng 4 - Dãy K.', NULL, 'chua_doc', '/khach-thue/hop-dong', 1, '2025-12-23 11:32:36'),
(202, 2, 'Khách \"tran ly\" vừa gửi yêu cầu thuê phòng \"B05\"', NULL, 'chua_doc', '/chu-tro/yeu-cau-thue', 1, '2025-12-23 13:48:45'),
(203, 27, 'Chủ trọ Duy Bảo đã chấp nhận yêu cầu thuê và tạo hợp đồng cho phòng B05 - Dãy B.', NULL, 'chua_doc', '/khach-thue/hop-dong', 1, '2025-12-23 13:49:59'),
(204, 2, 'Khách \"tran ly\" vừa gửi yêu cầu thuê phòng \"K09\"', NULL, 'chua_doc', '/chu-tro/yeu-cau-thue', 1, '2025-12-23 14:12:18'),
(205, 27, 'Chủ trọ Duy Bảo đã chấp nhận yêu cầu thuê và tạo hợp đồng cho phòng K09 - Dãy K.', NULL, 'chua_doc', '/khach-thue/hop-dong', 0, '2025-12-23 14:12:52'),
(206, 2, 'Khách \"tran ly\" vừa gửi yêu cầu thuê phòng \"K08\"', NULL, 'chua_doc', '/chu-tro/yeu-cau-thue', 1, '2025-12-23 14:32:02'),
(207, 27, 'Chủ trọ Duy Bảo đã chấp nhận yêu cầu thuê và tạo hợp đồng cho phòng K08 - Dãy K.', NULL, 'chua_doc', '/khach-thue/hop-dong', 0, '2025-12-23 14:32:29'),
(208, 2, 'Khách \"tran ly\" vừa gửi yêu cầu thuê phòng \"K08\"', NULL, 'chua_doc', '/chu-tro/yeu-cau-thue', 1, '2025-12-23 14:47:18'),
(209, 27, 'Chủ trọ Duy Bảo đã chấp nhận yêu cầu thuê và tạo hợp đồng cho phòng K08 - Dãy K.', NULL, 'chua_doc', '/khach-thue/hop-dong', 0, '2025-12-23 14:47:41'),
(210, 2, 'Khách \"tran ly\" vừa gửi yêu cầu thuê phòng \"K02\"', NULL, 'chua_doc', '/chu-tro/yeu-cau-thue', 1, '2025-12-23 14:56:17'),
(211, 27, 'Chủ trọ Duy Bảo đã chấp nhận yêu cầu thuê và tạo hợp đồng cho phòng K02 - Dãy K.', NULL, 'chua_doc', '/khach-thue/hop-dong', 0, '2025-12-23 14:56:39'),
(212, 4, '📩 Chủ trọ yêu cầu thanh toán hóa đơn tháng 2025-11 phòng A102.', 'hoa_don', 'chua_doc', '/khach-thue/hoa-don/21', 0, '2025-12-23 15:02:04'),
(213, 5, '📩 Chủ trọ yêu cầu thanh toán hóa đơn tháng 2025-11 phòng E03.', 'hoa_don', 'chua_doc', '/khach-thue/hoa-don/22', 0, '2025-12-23 15:02:04'),
(214, 4, '📩 Chủ trọ yêu cầu thanh toán hóa đơn tháng 2025-03 phòng A102.', 'hoa_don', 'chua_doc', '/khach-thue/hoa-don/25', 0, '2025-12-23 15:02:04'),
(215, 5, '📩 Chủ trọ yêu cầu thanh toán hóa đơn tháng 2025-02 phòng B201.', 'hoa_don', 'chua_doc', '/khach-thue/hoa-don/35', 0, '2025-12-23 15:02:04'),
(216, 4, '📩 Chủ trọ yêu cầu thanh toán hóa đơn tháng 2025-11 phòng B201.', 'hoa_don', 'chua_doc', '/khach-thue/hoa-don/47', 0, '2025-12-23 15:02:04'),
(217, 201, '📩 Chủ trọ yêu cầu thanh toán hóa đơn tháng 2025-11 phòng A101.', 'hoa_don', 'chua_doc', '/khach-thue/hoa-don/101', 0, '2025-12-23 15:02:04'),
(218, 202, '📩 Chủ trọ yêu cầu thanh toán hóa đơn tháng 2025-11 phòng A102.', 'hoa_don', 'chua_doc', '/khach-thue/hoa-don/122', 0, '2025-12-23 15:02:04'),
(219, 203, '📩 Chủ trọ yêu cầu thanh toán hóa đơn tháng 2025-12 phòng B201.', 'hoa_don', 'chua_doc', '/khach-thue/hoa-don/123', 0, '2025-12-23 15:02:04'),
(220, 27, '📩 Chủ trọ yêu cầu thanh toán hóa đơn tháng 2025-12 phòng 4.', 'hoa_don', 'chua_doc', '/khach-thue/hoa-don/124', 1, '2025-12-23 15:02:04'),
(221, 27, '📩 Chủ trọ yêu cầu thanh toán hóa đơn tháng 2025-12 phòng K02.', 'hoa_don', 'chua_doc', '/khach-thue/hoa-don/125', 1, '2025-12-23 15:02:04'),
(222, 2, '📨 Khách thuê phòng K02 đã xác nhận đã chuyển khoản thanh toán hóa đơn tháng 2025-12.', 'hoa_don', 'chua_doc', '/chu-tro/hoadon?id=125', 1, '2025-12-23 15:34:47'),
(223, 27, '💰 Chủ trọ đã xác nhận bạn đã thanh toán hóa đơn tháng 2025-12 phòng K02.', 'hoa_don', 'chua_doc', '/khach-thue/hoa-don/125', 1, '2025-12-23 15:35:16'),
(224, 2, 'Khách \"tran ly\" vừa gửi yêu cầu thuê phòng \"F01\"', NULL, 'chua_doc', '/chu-tro/yeu-cau-thue', 1, '2025-12-23 17:38:40'),
(225, 27, 'Chủ trọ Duy Bảo đã chấp nhận yêu cầu thuê và tạo hợp đồng cho phòng F01 - Dãy F.', NULL, 'chua_doc', '/khach-thue/hop-dong', 1, '2025-12-23 17:39:02'),
(226, 27, '📩 Chủ trọ yêu cầu thanh toán hóa đơn tháng 2025-12 cho phòng F01.', 'hoa_don', 'chua_doc', '/khach-thue/hoa-don/127', 1, '2025-12-23 17:43:30'),
(227, 2, '📨 Khách thuê phòng F01 đã xác nhận đã chuyển khoản thanh toán hóa đơn tháng 2025-12.', 'hoa_don', 'chua_doc', '/chu-tro/hoadon?id=128', 1, '2025-12-23 17:55:04'),
(228, 27, '💰 Chủ trọ đã xác nhận bạn đã thanh toán hóa đơn tháng 2025-12 phòng F01.', 'hoa_don', 'chua_doc', '/khach-thue/hoa-don/128', 1, '2025-12-23 17:55:27'),
(229, 2, 'Khách \"tran ly\" vừa gửi yêu cầu thuê phòng \"F01\"', NULL, 'chua_doc', '/chu-tro/yeu-cau-thue', 1, '2025-12-23 19:03:13'),
(230, 27, 'Chủ trọ Duy Bảo đã chấp nhận yêu cầu thuê và tạo hợp đồng cho phòng F01 - Dãy F.', NULL, 'chua_doc', '/khach-thue/hop-dong', 1, '2025-12-23 19:03:39'),
(231, 27, '📩 Chủ trọ yêu cầu thanh toán hóa đơn tháng 2025-12 cho phòng F01.', 'hoa_don', 'chua_doc', '/khach-thue/hoa-don/130', 1, '2025-12-23 19:07:58'),
(232, 2, 'Khách \"tran ly\" vừa gửi yêu cầu thuê phòng \"E08\"', NULL, 'chua_doc', '/chu-tro/yeu-cau-thue', 1, '2025-12-24 14:07:54'),
(233, 27, 'Chủ trọ Duy Bảo đã chấp nhận yêu cầu thuê và tạo hợp đồng cho phòng E08 - Dãy E.', NULL, 'chua_doc', '/khach-thue/hop-dong', 0, '2025-12-24 14:08:16'),
(234, 27, 'Chủ trọ đã xóa hợp đồng thuê của bạn cho phòng 13.', NULL, 'chua_doc', '/khach-thue/hop-dong', 0, '2025-12-24 14:21:03'),
(235, 2, 'Khách \"tran ly\" vừa gửi yêu cầu thuê phòng \"K02\"', NULL, 'chua_doc', '/chu-tro/yeu-cau-thue', 1, '2025-12-24 14:22:53'),
(236, 27, 'Chủ trọ Duy Bảo đã chấp nhận yêu cầu thuê và tạo hợp đồng cho phòng K02 - Dãy K.', NULL, 'chua_doc', '/khach-thue/hop-dong', 0, '2025-12-24 14:23:21'),
(237, 27, 'Chủ trọ đã xóa hợp đồng thuê của bạn cho phòng 67.', NULL, 'chua_doc', '/khach-thue/hop-dong', 0, '2025-12-24 14:27:41'),
(238, 2, 'Khách \"Lê Văn Kiệt\" vừa gửi yêu cầu thuê phòng \"E08\"', NULL, 'chua_doc', '/chu-tro/yeu-cau-thue', 1, '2025-12-24 14:32:03'),
(239, 4, 'Chủ trọ Duy Bảo đã chấp nhận yêu cầu thuê và tạo hợp đồng cho phòng E08 - Dãy E.', NULL, 'chua_doc', '/khach-thue/hop-dong', 0, '2025-12-24 14:32:25'),
(240, 2, 'Khách \"tran ly\" vừa gửi yêu cầu thuê phòng \"K08\"', NULL, 'chua_doc', '/chu-tro/yeu-cau-thue', 1, '2025-12-24 14:44:33'),
(241, 27, 'Chủ trọ Duy Bảo đã chấp nhận yêu cầu thuê và tạo hợp đồng cho phòng K08 - Dãy K.', NULL, 'chua_doc', '/khach-thue/hop-dong', 0, '2025-12-24 14:44:58'),
(242, 2, 'Khách \"tran ly\" vừa gửi yêu cầu thuê phòng \"C105\"', NULL, 'chua_doc', '/chu-tro/yeu-cau-thue', 1, '2025-12-24 14:46:54'),
(243, 27, 'Chủ trọ Duy Bảo đã chấp nhận yêu cầu thuê và tạo hợp đồng cho phòng C105 - Dãy E.', NULL, 'chua_doc', '/khach-thue/hop-dong', 1, '2025-12-24 14:47:15'),
(244, 101, 'Khách \"Lê Văn Kiệt\" vừa gửi yêu cầu thuê phòng \"A100\"', NULL, 'chua_doc', '/chu-tro/yeu-cau-thue', 1, '2025-12-24 14:57:19'),
(245, 4, 'Chủ trọ Nguyễn Văn Hải đã chấp nhận yêu cầu thuê và tạo hợp đồng cho phòng A100 - Dãy A.', NULL, 'chua_doc', '/khach-thue/hop-dong', 0, '2025-12-24 14:57:41'),
(246, 4, 'Chủ trọ đã xóa hợp đồng thuê của bạn cho phòng 71.', NULL, 'chua_doc', '/khach-thue/hop-dong', 0, '2025-12-24 15:00:34'),
(247, 101, 'Khách \"Lê Văn Kiệt\" vừa gửi yêu cầu thuê phòng \"A100\"', NULL, 'chua_doc', '/chu-tro/yeu-cau-thue', 1, '2025-12-24 15:01:06'),
(248, 4, 'Chủ trọ Nguyễn Văn Hải đã chấp nhận yêu cầu thuê và tạo hợp đồng cho phòng A100 - Dãy A.', NULL, 'chua_doc', '/khach-thue/hop-dong', 0, '2025-12-24 15:01:26'),
(249, 4, 'Chủ trọ đã xóa hợp đồng thuê của bạn cho phòng 71.', NULL, 'chua_doc', '/khach-thue/hop-dong', 0, '2025-12-24 15:03:57'),
(250, 101, 'Khách \"Lê Văn Kiệt\" vừa gửi yêu cầu thuê phòng \"A100\"', NULL, 'chua_doc', '/chu-tro/yeu-cau-thue', 1, '2025-12-24 15:05:07'),
(251, 4, 'Chủ trọ Nguyễn Văn Hải đã chấp nhận yêu cầu thuê và tạo hợp đồng cho phòng A100 - Dãy A.', NULL, 'chua_doc', '/khach-thue/hop-dong', 0, '2025-12-24 15:05:40'),
(252, 101, 'Khách \"tran ly\" vừa gửi yêu cầu thuê phòng \"BBBB\"', NULL, 'chua_doc', '/chu-tro/yeu-cau-thue', 1, '2025-12-24 15:11:13'),
(253, 27, 'Chủ trọ Nguyễn Văn Hải đã chấp nhận yêu cầu thuê và tạo hợp đồng cho phòng BBBB - Dãy B.', NULL, 'chua_doc', '/khach-thue/hop-dong', 0, '2025-12-24 15:11:39'),
(254, 2, 'Khách \"Phạm Thị Linh\" vừa gửi yêu cầu thuê phòng \"X199\"', NULL, 'chua_doc', '/chu-tro/yeu-cau-thue', 1, '2025-12-24 15:17:23'),
(255, 5, 'Chủ trọ Duy Bảo đã chấp nhận yêu cầu thuê và tạo hợp đồng cho phòng X199 - X.', NULL, 'chua_doc', '/khach-thue/hop-dong', 0, '2025-12-24 15:17:43'),
(256, 2, 'Khách \"Phạm Thị Linh\" vừa gửi yêu cầu thuê phòng \"M001\"', NULL, 'chua_doc', '/chu-tro/yeu-cau-thue', 1, '2025-12-24 15:25:42'),
(257, 5, 'Chủ trọ Duy Bảo đã chấp nhận yêu cầu thuê và tạo hợp đồng cho phòng M001 - Dãy M.', NULL, 'chua_doc', '/khach-thue/hop-dong', 0, '2025-12-24 15:26:02'),
(258, 2, 'Khách \"Phạm Thị Linh\" vừa gửi yêu cầu thuê phòng \"CC01\"', NULL, 'chua_doc', '/chu-tro/yeu-cau-thue', 1, '2025-12-24 15:35:47'),
(259, 5, 'Chủ trọ Duy Bảo đã chấp nhận yêu cầu thuê và tạo hợp đồng cho phòng CC01 - Dãy CC.', NULL, 'chua_doc', '/khach-thue/hop-dong', 0, '2025-12-24 15:36:28'),
(260, 5, '📩 Chủ trọ yêu cầu thanh toán hóa đơn tháng 2025-12 cho phòng CC01.', 'hoa_don', 'chua_doc', '/khach-thue/hoa-don/168', 1, '2025-12-24 15:38:32'),
(261, 5, 'Chủ trọ đã xóa hợp đồng thuê của bạn cho phòng 6.', NULL, 'chua_doc', '/khach-thue/hop-dong', 0, '2025-12-24 15:43:32'),
(262, 2, 'Khách \"Nguyễn Văn Lộc\" vừa gửi yêu cầu thuê phòng \"M80\"', NULL, 'chua_doc', '/chu-tro/yeu-cau-thue', 1, '2025-12-24 16:57:27'),
(263, 201, 'Chủ trọ Duy Bảo đã chấp nhận yêu cầu thuê và tạo hợp đồng cho phòng M80 - Dãy M.', NULL, 'chua_doc', '/khach-thue/hop-dong', 0, '2025-12-24 16:58:06'),
(264, 2, 'Khách \"Nguyễn Văn Lộc\" vừa gửi yêu cầu thuê phòng \"m100\"', NULL, 'chua_doc', '/chu-tro/yeu-cau-thue', 1, '2025-12-24 17:03:03'),
(265, 201, 'Chủ trọ Duy Bảo đã chấp nhận yêu cầu thuê và tạo hợp đồng cho phòng m100 - Dãy M.', NULL, 'chua_doc', '/khach-thue/hop-dong', 0, '2025-12-24 17:03:23'),
(266, 2, 'Khách \"Phạm Thị Minh\" vừa gửi yêu cầu thuê phòng \"P99\"', NULL, 'chua_doc', '/chu-tro/yeu-cau-thue', 0, '2025-12-25 07:02:28'),
(267, 202, 'Chủ trọ Duy Bảo đã chấp nhận yêu cầu thuê và tạo hợp đồng cho phòng P99 - Day P.', NULL, 'chua_doc', '/khach-thue/hop-dong', 0, '2025-12-25 07:03:02'),
(268, 105, 'Khách \"Hoàng Mỹ Chi\" vừa gửi yêu cầu thuê phòng \"G63\"', NULL, 'chua_doc', '/chu-tro/yeu-cau-thue', 0, '2025-12-25 07:55:03'),
(269, 205, 'Chủ trọ Võ Thanh Phong đã chấp nhận yêu cầu thuê và tạo hợp đồng cho phòng G63 - Dãy G.', NULL, 'chua_doc', '/khach-thue/hop-dong', 0, '2025-12-25 07:55:21'),
(270, 2, 'Khách \"tran ly\" vừa gửi yêu cầu thuê phòng \"CC99\"', NULL, 'chua_doc', '/chu-tro/yeu-cau-thue', 1, '2025-12-25 11:51:35'),
(271, 27, 'Chủ trọ Duy Bảo đã chấp nhận yêu cầu thuê và tạo hợp đồng cho phòng CC99 - Dãy CC.', NULL, 'chua_doc', '/khach-thue/hop-dong', 1, '2025-12-25 11:52:05'),
(272, 27, '📩 Chủ trọ yêu cầu thanh toán hóa đơn tháng 2025-12 cho phòng CC99.', 'hoa_don', 'chua_doc', '/khach-thue/hoa-don/177', 1, '2025-12-25 11:59:31'),
(273, 2, '📨 Khách thuê phòng CC99 đã xác nhận đã chuyển khoản thanh toán hóa đơn tháng 2025-12.', 'hoa_don', 'chua_doc', '/chu-tro/hoadon?id=177', 1, '2025-12-25 11:59:55'),
(274, 27, '❌ Yêu cầu xác nhận thanh toán HĐ tháng 2025-12 (phòng CC99) đã bị từ chối. Vui lòng thanh toán lại qua QR và bấm xác nhận.', 'hoa_don', 'chua_doc', '/khach-thue/hoa-don/177', 1, '2025-12-25 12:00:25'),
(275, 2, '📨 Khách thuê phòng CC99 đã xác nhận đã chuyển khoản thanh toán hóa đơn tháng 2025-12.', 'hoa_don', 'chua_doc', '/chu-tro/hoadon?id=177', 0, '2025-12-25 12:01:00'),
(276, 27, '💰 Chủ trọ đã xác nhận bạn đã thanh toán hóa đơn tháng 2025-12 phòng CC99.', 'hoa_don', 'chua_doc', '/khach-thue/hoa-don/177', 1, '2025-12-25 12:01:13'),
(277, 2, 'Khách \"Mai Quốc Thái\" vừa gửi yêu cầu thuê phòng \"E03\"', NULL, 'chua_doc', '/chu-tro/yeu-cau-thue', 1, '2025-12-25 19:59:42'),
(278, 204, 'Chủ trọ Duy Bảo đã chấp nhận yêu cầu thuê và tạo hợp đồng cho phòng E03 - Dãy E.', NULL, 'chua_doc', '/khach-thue/hop-dong', 0, '2025-12-25 20:00:18'),
(279, 2, 'Khách \"tran ly\" vừa gửi yêu cầu thuê phòng \"P00\"', NULL, 'chua_doc', '/chu-tro/yeu-cau-thue', 1, '2025-12-25 20:06:23'),
(280, 27, 'Chủ trọ Duy Bảo đã chấp nhận yêu cầu thuê và tạo hợp đồng cho phòng P00 - Day P.', NULL, 'chua_doc', '/khach-thue/hop-dong', 0, '2025-12-25 20:06:42'),
(281, 2, 'Khách \"tran ly\" vừa gửi yêu cầu thuê phòng \"BTC001\"', NULL, 'chua_doc', '/chu-tro/yeu-cau-thue', 1, '2025-12-25 21:38:15'),
(282, 27, 'Chủ trọ Duy Bảo đã chấp nhận yêu cầu thuê và tạo hợp đồng cho phòng BTC001 - BTC.', NULL, 'chua_doc', '/khach-thue/hop-dong', 0, '2025-12-25 21:39:26'),
(283, 27, '📩 Chủ trọ yêu cầu thanh toán hóa đơn tháng 2025-12 cho phòng BTC001.', 'hoa_don', 'chua_doc', '/khach-thue/hoa-don/193', 0, '2025-12-25 21:41:43'),
(284, 4, '📩 Chủ trọ yêu cầu thanh toán hóa đơn tháng 2025-12 phòng B201.', 'hoa_don', 'chua_doc', '/khach-thue/hoa-don/180', 0, '2025-12-25 21:41:48'),
(285, 202, '📩 Chủ trọ yêu cầu thanh toán hóa đơn tháng 2025-12 phòng A102.', 'hoa_don', 'chua_doc', '/khach-thue/hoa-don/181', 0, '2025-12-25 21:41:48'),
(286, 27, '📩 Chủ trọ yêu cầu thanh toán hóa đơn tháng 2025-12 phòng F01.', 'hoa_don', 'chua_doc', '/khach-thue/hoa-don/182', 0, '2025-12-25 21:41:48'),
(287, 4, '📩 Chủ trọ yêu cầu thanh toán hóa đơn tháng 2025-12 phòng E08.', 'hoa_don', 'chua_doc', '/khach-thue/hoa-don/183', 0, '2025-12-25 21:41:48'),
(288, 27, '📩 Chủ trọ yêu cầu thanh toán hóa đơn tháng 2025-12 phòng K08.', 'hoa_don', 'chua_doc', '/khach-thue/hoa-don/184', 0, '2025-12-25 21:41:48'),
(289, 27, '📩 Chủ trọ yêu cầu thanh toán hóa đơn tháng 2025-12 phòng C105.', 'hoa_don', 'chua_doc', '/khach-thue/hoa-don/185', 0, '2025-12-25 21:41:48'),
(290, 5, '📩 Chủ trọ yêu cầu thanh toán hóa đơn tháng 2025-12 phòng X199.', 'hoa_don', 'chua_doc', '/khach-thue/hoa-don/186', 0, '2025-12-25 21:41:48'),
(291, 5, '📩 Chủ trọ yêu cầu thanh toán hóa đơn tháng 2025-12 phòng M001.', 'hoa_don', 'chua_doc', '/khach-thue/hoa-don/187', 0, '2025-12-25 21:41:48'),
(292, 201, '📩 Chủ trọ yêu cầu thanh toán hóa đơn tháng 2025-12 phòng M80.', 'hoa_don', 'chua_doc', '/khach-thue/hoa-don/188', 0, '2025-12-25 21:41:48'),
(293, 202, '📩 Chủ trọ yêu cầu thanh toán hóa đơn tháng 2025-02 phòng P99.', 'hoa_don', 'chua_doc', '/khach-thue/hoa-don/189', 0, '2025-12-25 21:41:48'),
(294, 27, '📩 Chủ trọ yêu cầu thanh toán hóa đơn tháng 2026-01 phòng CC99.', 'hoa_don', 'chua_doc', '/khach-thue/hoa-don/190', 0, '2025-12-25 21:41:48'),
(295, 204, '📩 Chủ trọ yêu cầu thanh toán hóa đơn tháng 2025-12 phòng E03.', 'hoa_don', 'chua_doc', '/khach-thue/hoa-don/191', 0, '2025-12-25 21:41:48'),
(296, 27, '📩 Chủ trọ yêu cầu thanh toán hóa đơn tháng 2025-12 phòng P00.', 'hoa_don', 'chua_doc', '/khach-thue/hoa-don/192', 0, '2025-12-25 21:41:48'),
(297, 27, '📩 Chủ trọ yêu cầu thanh toán hóa đơn tháng 2025-12 phòng BTC001.', 'hoa_don', 'chua_doc', '/khach-thue/hoa-don/193', 1, '2025-12-25 21:41:48'),
(298, 2, '📨 Khách thuê phòng BTC001 đã xác nhận đã chuyển khoản thanh toán hóa đơn tháng 2025-12.', 'hoa_don', 'chua_doc', '/chu-tro/hoadon?id=193', 1, '2025-12-25 21:43:31'),
(299, 27, '💰 Chủ trọ đã xác nhận bạn đã thanh toán hóa đơn tháng 2025-12 phòng BTC001.', 'hoa_don', 'chua_doc', '/khach-thue/hoa-don/193', 1, '2025-12-25 21:43:55'),
(300, 2, 'Khách \"Phạm Thị Linh\" vừa gửi yêu cầu thuê phòng \"P89\"', NULL, 'chua_doc', '/chu-tro/yeu-cau-thue', 1, '2025-12-26 06:03:34'),
(301, 5, 'Chủ trọ Duy Bảo đã chấp nhận yêu cầu thuê và tạo hợp đồng cho phòng P89 - Day P.', NULL, 'chua_doc', '/khach-thue/hop-dong', 0, '2025-12-26 06:04:09'),
(302, 2, 'Khách \"tran ly\" vừa gửi yêu cầu thuê phòng \"J970001\"', NULL, 'chua_doc', '/chu-tro/yeu-cau-thue', 1, '2025-12-26 07:53:17'),
(303, 27, 'Chủ trọ Duy Bảo đã chấp nhận yêu cầu thuê và tạo hợp đồng cho phòng J970001 - J97.', NULL, 'chua_doc', '/khach-thue/hop-dong', 0, '2025-12-26 07:53:58'),
(304, 27, '📩 Chủ trọ yêu cầu thanh toán hóa đơn tháng 2025-12 cho phòng J970001.', 'hoa_don', 'chua_doc', '/khach-thue/hoa-don/224', 0, '2025-12-26 07:55:41'),
(305, 4, '📩 Chủ trọ yêu cầu thanh toán hóa đơn tháng 2025-12 phòng B201.', 'hoa_don', 'chua_doc', '/khach-thue/hoa-don/209', 0, '2025-12-26 07:55:47'),
(306, 202, '📩 Chủ trọ yêu cầu thanh toán hóa đơn tháng 2025-12 phòng A102.', 'hoa_don', 'chua_doc', '/khach-thue/hoa-don/210', 0, '2025-12-26 07:55:47'),
(307, 27, '📩 Chủ trọ yêu cầu thanh toán hóa đơn tháng 2025-12 phòng F01.', 'hoa_don', 'chua_doc', '/khach-thue/hoa-don/211', 0, '2025-12-26 07:55:47'),
(308, 4, '📩 Chủ trọ yêu cầu thanh toán hóa đơn tháng 2025-12 phòng E08.', 'hoa_don', 'chua_doc', '/khach-thue/hoa-don/212', 0, '2025-12-26 07:55:47'),
(309, 27, '📩 Chủ trọ yêu cầu thanh toán hóa đơn tháng 2025-12 phòng K08.', 'hoa_don', 'chua_doc', '/khach-thue/hoa-don/213', 0, '2025-12-26 07:55:47'),
(310, 27, '📩 Chủ trọ yêu cầu thanh toán hóa đơn tháng 2025-12 phòng C105.', 'hoa_don', 'chua_doc', '/khach-thue/hoa-don/214', 0, '2025-12-26 07:55:47'),
(311, 5, '📩 Chủ trọ yêu cầu thanh toán hóa đơn tháng 2025-12 phòng X199.', 'hoa_don', 'chua_doc', '/khach-thue/hoa-don/215', 0, '2025-12-26 07:55:47'),
(312, 5, '📩 Chủ trọ yêu cầu thanh toán hóa đơn tháng 2025-12 phòng M001.', 'hoa_don', 'chua_doc', '/khach-thue/hoa-don/216', 0, '2025-12-26 07:55:47'),
(313, 201, '📩 Chủ trọ yêu cầu thanh toán hóa đơn tháng 2025-12 phòng M80.', 'hoa_don', 'chua_doc', '/khach-thue/hoa-don/217', 0, '2025-12-26 07:55:47'),
(314, 202, '📩 Chủ trọ yêu cầu thanh toán hóa đơn tháng 2025-02 phòng P99.', 'hoa_don', 'chua_doc', '/khach-thue/hoa-don/218', 0, '2025-12-26 07:55:47'),
(315, 27, '📩 Chủ trọ yêu cầu thanh toán hóa đơn tháng 2026-01 phòng CC99.', 'hoa_don', 'chua_doc', '/khach-thue/hoa-don/219', 0, '2025-12-26 07:55:47'),
(316, 204, '📩 Chủ trọ yêu cầu thanh toán hóa đơn tháng 2025-12 phòng E03.', 'hoa_don', 'chua_doc', '/khach-thue/hoa-don/220', 0, '2025-12-26 07:55:47'),
(317, 27, '📩 Chủ trọ yêu cầu thanh toán hóa đơn tháng 2025-12 phòng P00.', 'hoa_don', 'chua_doc', '/khach-thue/hoa-don/221', 0, '2025-12-26 07:55:47'),
(318, 27, '📩 Chủ trọ yêu cầu thanh toán hóa đơn tháng 2026-01 phòng BTC001.', 'hoa_don', 'chua_doc', '/khach-thue/hoa-don/222', 0, '2025-12-26 07:55:47'),
(319, 5, '📩 Chủ trọ yêu cầu thanh toán hóa đơn tháng 2025-12 phòng P89.', 'hoa_don', 'chua_doc', '/khach-thue/hoa-don/223', 0, '2025-12-26 07:55:47'),
(320, 27, '📩 Chủ trọ yêu cầu thanh toán hóa đơn tháng 2025-12 phòng J970001.', 'hoa_don', 'chua_doc', '/khach-thue/hoa-don/224', 1, '2025-12-26 07:55:47'),
(321, 2, '📨 Khách thuê phòng J970001 đã xác nhận đã chuyển khoản thanh toán hóa đơn tháng 2025-12.', 'hoa_don', 'chua_doc', '/chu-tro/hoadon?id=224', 1, '2025-12-26 07:56:49'),
(322, 27, '💰 Chủ trọ đã xác nhận bạn đã thanh toán hóa đơn tháng 2025-12 phòng J970001.', 'hoa_don', 'chua_doc', '/khach-thue/hoa-don/224', 0, '2025-12-26 07:57:11');

-- --------------------------------------------------------

--
-- Cấu trúc bảng cho bảng `tien_ich`
--

CREATE TABLE `tien_ich` (
  `id` int(11) NOT NULL,
  `ten` varchar(100) NOT NULL
) ENGINE=InnoDB DEFAULT CHARSET=utf8mb4 COLLATE=utf8mb4_general_ci;

--
-- Đang đổ dữ liệu cho bảng `tien_ich`
--

INSERT INTO `tien_ich` (`id`, `ten`) VALUES
(4, 'Bàn học'),
(3, 'Giường vip'),
(2, 'Máy giặt'),
(1, 'Máy lạnh'),
(5, 'Tủ quần');

-- --------------------------------------------------------

--
-- Cấu trúc bảng cho bảng `users`
--

CREATE TABLE `users` (
  `id` bigint(20) UNSIGNED NOT NULL,
  `name` varchar(255) NOT NULL,
  `email` varchar(255) NOT NULL,
  `email_verified_at` timestamp NULL DEFAULT NULL,
  `password` varchar(255) NOT NULL,
  `remember_token` varchar(100) DEFAULT NULL,
  `created_at` timestamp NULL DEFAULT NULL,
  `updated_at` timestamp NULL DEFAULT NULL
) ENGINE=InnoDB DEFAULT CHARSET=utf8mb4 COLLATE=utf8mb4_unicode_ci;

-- --------------------------------------------------------

--
-- Cấu trúc bảng cho bảng `yeu_cau_sua_chua`
--

CREATE TABLE `yeu_cau_sua_chua` (
  `id` int(11) NOT NULL,
  `khach_thue_id` int(11) NOT NULL,
  `phong_id` int(11) NOT NULL,
  `loai` varchar(100) NOT NULL,
  `mo_ta` text DEFAULT NULL,
  `trang_thai` varchar(50) DEFAULT 'cho_xu_ly',
  `created_at` timestamp NOT NULL DEFAULT current_timestamp(),
  `updated_at` timestamp NOT NULL DEFAULT current_timestamp() ON UPDATE current_timestamp()
) ENGINE=InnoDB DEFAULT CHARSET=utf8mb4 COLLATE=utf8mb4_general_ci;

-- --------------------------------------------------------

--
-- Cấu trúc bảng cho bảng `yeu_cau_thue`
--

CREATE TABLE `yeu_cau_thue` (
  `id` int(11) NOT NULL,
  `bai_dang_id` int(11) NOT NULL,
  `phong_id` bigint(20) DEFAULT NULL,
  `chu_tro_id` int(11) DEFAULT NULL,
  `khach_thue_id` int(11) NOT NULL,
  `cccd` varchar(20) DEFAULT NULL,
  `ghi_chu` varchar(500) DEFAULT NULL,
  `ngay_bat_dau` date DEFAULT NULL,
  `ngay_ket_thuc` date DEFAULT NULL,
  `tien_coc` decimal(12,0) DEFAULT NULL,
  `file_hop_dong` varchar(255) DEFAULT NULL,
  `nguoi_than` text DEFAULT NULL,
  `trang_thai` enum('cho_duyet','chap_nhan','tu_choi','da_tao_hop_dong','huy','chu_tro_huy_hop_dong') NOT NULL DEFAULT 'cho_duyet',
  `ngay_tao` datetime NOT NULL DEFAULT current_timestamp()
) ENGINE=InnoDB DEFAULT CHARSET=utf8mb4 COLLATE=utf8mb4_general_ci;

--
-- Đang đổ dữ liệu cho bảng `yeu_cau_thue`
--

INSERT INTO `yeu_cau_thue` (`id`, `bai_dang_id`, `phong_id`, `chu_tro_id`, `khach_thue_id`, `cccd`, `ghi_chu`, `ngay_bat_dau`, `ngay_ket_thuc`, `tien_coc`, `file_hop_dong`, `nguoi_than`, `trang_thai`, `ngay_tao`) VALUES
(1, 1, 1, 2, 4, NULL, 'Test trigger', NULL, NULL, NULL, NULL, NULL, 'da_tao_hop_dong', '2025-10-18 21:04:51'),
(3, 1, 1, 2, 4, NULL, 'Muốn thuê phòng – test A', NULL, NULL, NULL, NULL, NULL, 'da_tao_hop_dong', '2025-10-25 11:54:11'),
(4, 2, 2, 2, 5, NULL, 'Xin xem phòng – test B', NULL, NULL, NULL, NULL, NULL, 'da_tao_hop_dong', '2025-10-25 11:52:11'),
(5, 1, 1, 2, 5, NULL, 'Quan tâm phòng – test C', NULL, NULL, NULL, NULL, NULL, 'tu_choi', '2025-10-25 11:49:11'),
(86, 157, 67, 2, 12, '01202195500', 'ádasdasdas', '2025-12-24', '2026-03-12', 12000, 'yeu_cau_files/2IF9Tk7ZKXhoxV7HubSVum2xV4DReT2oaa1wsJTY.pdf', '\"[{\\\"ho_ten\\\":\\\"bao dai ca\\\",\\\"so_dien_thoai\\\":\\\"0854154248\\\",\\\"moi_quan_he\\\":\\\"b\\u1ea1n\\\"}]\"', 'da_tao_hop_dong', '2025-12-23 14:56:17'),
(88, 162, 66, 2, 12, '01202490011', 'aaaaa', '2025-12-24', '2026-02-18', 10000, 'yeu_cau_files/C9PfUnGXqiGc6DFTaAucsnJT4L0TiWGWbfQNzubS.pdf', '\"[{\\\"ho_ten\\\":\\\"\\u00e1dasda\\\",\\\"so_dien_thoai\\\":\\\"0854154248\\\",\\\"moi_quan_he\\\":\\\"vavav\\\"}]\"', 'da_tao_hop_dong', '2025-12-23 19:03:13'),
(89, 163, 13, 2, 12, '01202195500', 'aaaa', '2025-10-23', '2026-02-19', 10000, 'yeu_cau_files/LQEaBAKoSnpkGq6qmmiEQkbQn7gutC0HiEzTtjkZ.pdf', '\"[]\"', 'chu_tro_huy_hop_dong', '2025-12-24 14:07:54'),
(90, 157, 67, 2, 12, '01202490011', 'aaa', '2025-10-16', '2026-01-29', 10000, 'yeu_cau_files/Pu8oT4bcVxKQDnu3CUwk46fCIWrjjyOJQWpxBMWS.pdf', '\"[]\"', 'chu_tro_huy_hop_dong', '2025-12-24 14:22:53'),
(91, 163, 13, 2, 4, '01202490011', NULL, '2025-11-05', '2026-02-05', 30000, 'yeu_cau_files/E9HypUUWVsMYFI8D8lTO2SJAXgu7BTvcNus5LWYh.pdf', '\"[]\"', 'da_tao_hop_dong', '2025-12-24 14:32:03'),
(92, 166, 70, 2, 12, '01202195500', NULL, '2025-10-02', '2026-02-18', 10000, 'yeu_cau_files/VFkYV67yH4HhGhXnNk3COWqY2qoGN7JVSg41TDMz.pdf', '\"[]\"', 'da_tao_hop_dong', '2025-12-24 14:44:33'),
(93, 165, 63, 2, 12, '01202490011', NULL, '2025-10-09', '2026-02-26', 10000, 'yeu_cau_files/Ux1gSPib7xFx97HO7i4gURLrIkAecUtaM0o7wDlE.pdf', '\"[]\"', 'da_tao_hop_dong', '2025-12-24 14:46:54'),
(96, 167, 71, 101, 4, '01202490011', NULL, '2025-11-11', '2026-02-26', 10000, 'yeu_cau_files/2n73yrPW6WZaIDmdOi59VvqXgNYriINknksLA6rc.pdf', '\"[]\"', 'da_tao_hop_dong', '2025-12-24 15:05:07'),
(97, 168, 72, 101, 12, '0120289898', NULL, '2025-10-16', '2026-01-22', 10000, 'yeu_cau_files/vozEBcxlnjKISABYw7dBedpoNgb0MUi1XVQlr2Ar.pdf', '\"[]\"', 'da_tao_hop_dong', '2025-12-24 15:11:13'),
(98, 169, 73, 2, 5, '0120289898', NULL, '2025-12-25', '2026-01-21', 1000, 'yeu_cau_files/Z30D5POgXqJPhUTZdmMhioK2sNcLkII13onCdqr9.pdf', '\"[]\"', 'da_tao_hop_dong', '2025-12-24 15:17:23'),
(99, 170, 74, 2, 5, '012345678901', 'aaa', '2025-11-01', '2026-12-31', 10000, 'yeu_cau_files/wymloc3351VPD3SNVWuw2b78OJkpf4MAugQXRCGl.pdf', '\"[{\\\"ho_ten\\\":\\\"bao dai ca\\\",\\\"so_dien_thoai\\\":\\\"0854154248\\\",\\\"moi_quan_he\\\":\\\"b\\u1ea1n\\\"}]\"', 'da_tao_hop_dong', '2025-12-24 15:25:42'),
(100, 172, 76, 2, 5, '01202490011', 'em muon vao', '2025-11-11', '2026-12-30', 10000, 'yeu_cau_files/KBW4Sx1mjpt8qZ93L1zYRVI57YA8m7kTSUcWd4ag.pdf', '\"[{\\\"ho_ten\\\":\\\"tu tu\\\",\\\"so_dien_thoai\\\":\\\"01225431654\\\",\\\"moi_quan_he\\\":\\\"nguoi iu\\\"}]\"', 'da_tao_hop_dong', '2025-12-24 15:35:47'),
(101, 173, 77, 2, 101, '01202490011', 'em muon thue', '2025-11-01', '2026-11-26', 15000, 'yeu_cau_files/iitXLMhGuX1BCNtSGPaWgg4nbRZMT5J7oLcEFuwH.pdf', '\"[{\\\"ho_ten\\\":\\\"bao cute\\\",\\\"so_dien_thoai\\\":\\\"0124547889\\\",\\\"moi_quan_he\\\":\\\"ban be\\\"}]\"', 'da_tao_hop_dong', '2025-12-24 16:57:27'),
(102, 171, 75, 2, 101, '01202490033', 'em muon vao o', '2025-01-11', '2026-11-21', 5000, 'yeu_cau_files/GeFueFTpr8HrdLL6TIkJRrQvak3kV7wfBTozQSra.pdf', '\"[{\\\"ho_ten\\\":\\\"den den\\\",\\\"so_dien_thoai\\\":\\\"0854154248\\\",\\\"moi_quan_he\\\":\\\"b\\u1ea1n\\\"}]\"', 'da_tao_hop_dong', '2025-12-24 17:03:03'),
(103, 174, 78, 2, 102, '01202490011', 'em muon vao thue', '2025-01-11', '2026-11-11', 15000, 'yeu_cau_files/SfLt9wzTLvmRzkMYWqiavj9hhuHkT7a6aQwq3QVH.pdf', '\"[{\\\"ho_ten\\\":\\\"den den\\\",\\\"so_dien_thoai\\\":\\\"0854154248\\\",\\\"moi_quan_he\\\":\\\"b\\u1ea1n\\\"}]\"', 'da_tao_hop_dong', '2025-12-25 07:02:28'),
(104, 176, 83, 105, 105, '01202490011', 'em thue', '2025-11-11', '2026-11-11', 5000, 'yeu_cau_files/ZxS3CNtLMD2x5loCc9TjNYxEMqlWa4Dok4Mf3lCh.pdf', '\"[{\\\"ho_ten\\\":\\\"aa\\\",\\\"so_dien_thoai\\\":\\\"0854154248\\\",\\\"moi_quan_he\\\":\\\"b\\u1ea1n\\\"}]\"', 'da_tao_hop_dong', '2025-12-25 07:55:03'),
(105, 181, 84, 2, 12, '01202195500', 'em muon thue phong ni', '2025-11-11', '2026-11-11', 5000, 'yeu_cau_files/CNwtVk23QuMLDJAjh5pI7Pjq6WnAOHtDcC7pxYSh.pdf', '\"[]\"', 'da_tao_hop_dong', '2025-12-25 11:51:35'),
(106, 188, 6, 2, 104, '012345678902', 'em muon vao o', '2025-11-11', '2026-11-11', 24000, 'yeu_cau_files/PHZi7zZDyGyDBtBA7Ii4Qaufhdxral4EOcyPS5H7.pdf', '\"[]\"', 'da_tao_hop_dong', '2025-12-25 19:59:42'),
(107, 189, 79, 2, 12, '01202490011', 'aaaaa', '2025-11-11', '2026-11-11', 12000, 'yeu_cau_files/49J174iqdE2aFwKIlFjmnA7wsqQr9Nu05VsyUqC4.pdf', '\"[]\"', 'da_tao_hop_dong', '2025-12-25 20:06:23'),
(108, 190, 85, 2, 12, '01202195500', 'em muon thue', '2025-11-11', '2026-11-11', 24000, 'yeu_cau_files/vlTmYwTuLN3HZVrC7NTGNkDk8lnc658mvLgpNkY2.pdf', '\"[]\"', 'da_tao_hop_dong', '2025-12-25 21:38:15'),
(109, 191, 80, 2, 5, '01202490011', 'em muon thue', '2025-11-11', '2026-11-11', 10000, 'yeu_cau_files/6UaQSulT2RWsMRRfGQzds7w9rYWfyfIxY1IC7pgc.pdf', '\"[]\"', 'da_tao_hop_dong', '2025-12-26 06:03:34'),
(110, 192, 86, 2, 12, '01202195500', 'em muon thue phong nay vao ngay 11', '2025-11-11', '2026-11-11', 12000, 'yeu_cau_files/AqiJHeDjOAuQHjAQcHl3pibm4jxWMLrn7XK6DF5W.pdf', '\"[]\"', 'da_tao_hop_dong', '2025-12-26 07:53:17');

--
-- Bẫy `yeu_cau_thue`
--
DELIMITER $$
CREATE TRIGGER `trg_tao_thong_bao_khi_thue` AFTER INSERT ON `yeu_cau_thue` FOR EACH ROW BEGIN
    DECLARE chu_tro_id INT;
    DECLARE ten_khach VARCHAR(255);
    DECLARE ten_phong VARCHAR(255);

    -- ✅ Lấy chủ trọ thật (từ dãy trọ -> phòng -> bài đăng)
    SELECT dt.chu_tro_id, p.so_phong
    INTO chu_tro_id, ten_phong
    FROM bai_dang b
    JOIN phong p ON p.id = b.phong_id
    JOIN day_tro dt ON dt.id = p.day_tro_id
    WHERE b.id = NEW.bai_dang_id
    LIMIT 1;

    -- ✅ Lấy tên khách thuê
    SELECT nd.ho_ten
    INTO ten_khach
    FROM khach_thue kt
    JOIN nguoi_dung nd ON nd.id = kt.nguoi_dung_id
    WHERE kt.id = NEW.khach_thue_id
    LIMIT 1;

    -- ✅ Tạo thông báo cho đúng chủ trọ
    INSERT INTO thong_bao (nguoi_nhan_id, noi_dung, lien_ket, da_xem, ngay_tao)
    VALUES (
        chu_tro_id,
        CONCAT('Khách "', ten_khach, '" vừa gửi yêu cầu thuê phòng "', ten_phong, '"'),
        '/chu-tro/yeu-cau-thue',
        0,
        NOW()
    );
END
$$
DELIMITER ;

-- --------------------------------------------------------

--
-- Cấu trúc bảng cho bảng `yeu_thich`
--

CREATE TABLE `yeu_thich` (
  `id` int(11) NOT NULL,
  `khach_thue_id` int(11) NOT NULL,
  `bai_dang_id` int(11) NOT NULL,
  `ngay_tao` datetime NOT NULL DEFAULT current_timestamp()
) ENGINE=InnoDB DEFAULT CHARSET=utf8mb4 COLLATE=utf8mb4_general_ci;

--
-- Đang đổ dữ liệu cho bảng `yeu_thich`
--

INSERT INTO `yeu_thich` (`id`, `khach_thue_id`, `bai_dang_id`, `ngay_tao`) VALUES
(3, 4, 3, '2025-11-04 22:28:36'),
(9, 12, 104, '2025-11-30 22:02:40');

--
-- Chỉ mục cho các bảng đã đổ
--

--
-- Chỉ mục cho bảng `anh_bai_dang`
--
ALTER TABLE `anh_bai_dang`
  ADD PRIMARY KEY (`id`),
  ADD UNIQUE KEY `uq_anh_baidang_order` (`bai_dang_id`,`thu_tu`),
  ADD KEY `idx_anh_baidang` (`bai_dang_id`);

--
-- Chỉ mục cho bảng `bai_dang`
--
ALTER TABLE `bai_dang`
  ADD PRIMARY KEY (`id`),
  ADD KEY `idx_baidang_trangthai_gia` (`trang_thai`,`gia_niem_yet`),
  ADD KEY `idx_baidang_phong` (`phong_id`),
  ADD KEY `idx_baidang_nguoidung` (`nguoi_dung_id`);
ALTER TABLE `bai_dang` ADD FULLTEXT KEY `ft_baidang_title_desc` (`tieu_de`,`mo_ta`);

--
-- Chỉ mục cho bảng `chi_so`
--
ALTER TABLE `chi_so`
  ADD PRIMARY KEY (`id`),
  ADD KEY `idx_cs_dongho` (`dong_ho_id`),
  ADD KEY `idx_cs_nguoinhap` (`nguoi_nhap_id`);

--
-- Chỉ mục cho bảng `chi_tiet_dich_vu`
--
ALTER TABLE `chi_tiet_dich_vu`
  ADD PRIMARY KEY (`id`),
  ADD KEY `idx_ctdv_hd` (`hoa_don_id`),
  ADD KEY `idx_ctdv_dv` (`dich_vu_id`);

--
-- Chỉ mục cho bảng `chi_tiet_dong_ho`
--
ALTER TABLE `chi_tiet_dong_ho`
  ADD PRIMARY KEY (`id`),
  ADD KEY `idx_ctdh_hd` (`hoa_don_id`),
  ADD KEY `idx_ctdh_dongho` (`dong_ho_id`),
  ADD KEY `idx_ctdh_dv` (`dich_vu_id`);

--
-- Chỉ mục cho bảng `chu_tro`
--
ALTER TABLE `chu_tro`
  ADD PRIMARY KEY (`id`);

--
-- Chỉ mục cho bảng `danh_gia`
--
ALTER TABLE `danh_gia`
  ADD PRIMARY KEY (`id`),
  ADD UNIQUE KEY `uq_dg_hd` (`hop_dong_id`),
  ADD KEY `idx_dg_khach` (`khach_thue_id`);

--
-- Chỉ mục cho bảng `day_tro`
--
ALTER TABLE `day_tro`
  ADD PRIMARY KEY (`id`),
  ADD KEY `idx_daytro_chutro` (`chu_tro_id`);

--
-- Chỉ mục cho bảng `dia_chi`
--
ALTER TABLE `dia_chi`
  ADD PRIMARY KEY (`id`);

--
-- Chỉ mục cho bảng `dich_vu`
--
ALTER TABLE `dich_vu`
  ADD PRIMARY KEY (`id`),
  ADD UNIQUE KEY `uq_dv_ma` (`ma`);

--
-- Chỉ mục cho bảng `dich_vu_dinh_ky`
--
ALTER TABLE `dich_vu_dinh_ky`
  ADD PRIMARY KEY (`id`),
  ADD KEY `idx_dvdk_phong` (`phong_id`),
  ADD KEY `idx_dvdk_dichvu` (`dich_vu_id`);

--
-- Chỉ mục cho bảng `dong_ho`
--
ALTER TABLE `dong_ho`
  ADD PRIMARY KEY (`id`),
  ADD UNIQUE KEY `uq_dh_code` (`ma_dong_ho`),
  ADD UNIQUE KEY `uq_dh_room_service` (`phong_id`,`dich_vu_id`),
  ADD KEY `idx_dh_phong` (`phong_id`),
  ADD KEY `idx_dh_dichvu` (`dich_vu_id`);

--
-- Chỉ mục cho bảng `hoa_don`
--
ALTER TABLE `hoa_don`
  ADD PRIMARY KEY (`id`),
  ADD KEY `idx_hd_hopdong` (`hop_dong_id`),
  ADD KEY `idx_hd_thang` (`thang`);

--
-- Chỉ mục cho bảng `hop_dong`
--
ALTER TABLE `hop_dong`
  ADD PRIMARY KEY (`id`),
  ADD KEY `idx_hd_khach` (`khach_thue_id`),
  ADD KEY `idx_hd_phong` (`phong_id`);

--
-- Chỉ mục cho bảng `jobs`
--
ALTER TABLE `jobs`
  ADD PRIMARY KEY (`id`),
  ADD KEY `jobs_queue_index` (`queue`);

--
-- Chỉ mục cho bảng `job_batches`
--
ALTER TABLE `job_batches`
  ADD PRIMARY KEY (`id`);

--
-- Chỉ mục cho bảng `khach_thue`
--
ALTER TABLE `khach_thue`
  ADD PRIMARY KEY (`id`),
  ADD KEY `fk_khach_thue_user` (`nguoi_dung_id`);

--
-- Chỉ mục cho bảng `migrations`
--
ALTER TABLE `migrations`
  ADD PRIMARY KEY (`id`);

--
-- Chỉ mục cho bảng `nguoi_dung`
--
ALTER TABLE `nguoi_dung`
  ADD PRIMARY KEY (`id`),
  ADD UNIQUE KEY `uq_user_phone` (`so_dien_thoai`),
  ADD UNIQUE KEY `uq_user_email` (`email`),
  ADD UNIQUE KEY `google_id` (`google_id`);

--
-- Chỉ mục cho bảng `nguoi_than`
--
ALTER TABLE `nguoi_than`
  ADD PRIMARY KEY (`id`),
  ADD KEY `idx_than_khach` (`khach_thue_id`);

--
-- Chỉ mục cho bảng `password_resets`
--
ALTER TABLE `password_resets`
  ADD PRIMARY KEY (`email`);

--
-- Chỉ mục cho bảng `personal_access_tokens`
--
ALTER TABLE `personal_access_tokens`
  ADD PRIMARY KEY (`id`),
  ADD UNIQUE KEY `personal_access_tokens_token_unique` (`token`),
  ADD KEY `personal_access_tokens_tokenable_type_tokenable_id_index` (`tokenable_type`,`tokenable_id`);

--
-- Chỉ mục cho bảng `phong`
--
ALTER TABLE `phong`
  ADD PRIMARY KEY (`id`),
  ADD KEY `idx_phong_daytro` (`day_tro_id`),
  ADD KEY `idx_phong_gia` (`gia`),
  ADD KEY `idx_phong_trangthai` (`trang_thai`);

--
-- Chỉ mục cho bảng `phong_tien_ich`
--
ALTER TABLE `phong_tien_ich`
  ADD PRIMARY KEY (`phong_id`,`tien_ich_id`),
  ADD KEY `idx_pti_tienich` (`tien_ich_id`);

--
-- Chỉ mục cho bảng `phuong_tien`
--
ALTER TABLE `phuong_tien`
  ADD PRIMARY KEY (`id`),
  ADD KEY `idx_pt_khach` (`khach_thue_id`);

--
-- Chỉ mục cho bảng `tam_tru`
--
ALTER TABLE `tam_tru`
  ADD PRIMARY KEY (`id`),
  ADD KEY `idx_tt_hd` (`hop_dong_id`);

--
-- Chỉ mục cho bảng `thanh_toan`
--
ALTER TABLE `thanh_toan`
  ADD PRIMARY KEY (`id`),
  ADD UNIQUE KEY `uq_tt_magiaodich` (`ma_giao_dich`),
  ADD KEY `idx_tt_hd` (`hoa_don_id`);

--
-- Chỉ mục cho bảng `thong_bao`
--
ALTER TABLE `thong_bao`
  ADD PRIMARY KEY (`id`),
  ADD KEY `nguoi_nhan_id` (`nguoi_nhan_id`);

--
-- Chỉ mục cho bảng `tien_ich`
--
ALTER TABLE `tien_ich`
  ADD PRIMARY KEY (`id`),
  ADD UNIQUE KEY `uq_tienich_ten` (`ten`);

--
-- Chỉ mục cho bảng `users`
--
ALTER TABLE `users`
  ADD PRIMARY KEY (`id`),
  ADD UNIQUE KEY `users_email_unique` (`email`);

--
-- Chỉ mục cho bảng `yeu_cau_sua_chua`
--
ALTER TABLE `yeu_cau_sua_chua`
  ADD PRIMARY KEY (`id`),
  ADD KEY `khach_thue_id` (`khach_thue_id`),
  ADD KEY `phong_id` (`phong_id`);

--
-- Chỉ mục cho bảng `yeu_cau_thue`
--
ALTER TABLE `yeu_cau_thue`
  ADD PRIMARY KEY (`id`),
  ADD KEY `idx_yct_baidang` (`bai_dang_id`),
  ADD KEY `idx_yct_khach` (`khach_thue_id`);

--
-- Chỉ mục cho bảng `yeu_thich`
--
ALTER TABLE `yeu_thich`
  ADD PRIMARY KEY (`id`),
  ADD UNIQUE KEY `uq_yeu_thich_unique` (`khach_thue_id`,`bai_dang_id`),
  ADD KEY `fk_yeu_thich_baidang` (`bai_dang_id`);

--
-- AUTO_INCREMENT cho các bảng đã đổ
--

--
-- AUTO_INCREMENT cho bảng `anh_bai_dang`
--
ALTER TABLE `anh_bai_dang`
  MODIFY `id` int(11) NOT NULL AUTO_INCREMENT, AUTO_INCREMENT=199;

--
-- AUTO_INCREMENT cho bảng `bai_dang`
--
ALTER TABLE `bai_dang`
  MODIFY `id` int(11) NOT NULL AUTO_INCREMENT, AUTO_INCREMENT=193;

--
-- AUTO_INCREMENT cho bảng `chi_so`
--
ALTER TABLE `chi_so`
  MODIFY `id` int(11) NOT NULL AUTO_INCREMENT, AUTO_INCREMENT=108;

--
-- AUTO_INCREMENT cho bảng `chi_tiet_dich_vu`
--
ALTER TABLE `chi_tiet_dich_vu`
  MODIFY `id` int(11) NOT NULL AUTO_INCREMENT, AUTO_INCREMENT=484;

--
-- AUTO_INCREMENT cho bảng `chi_tiet_dong_ho`
--
ALTER TABLE `chi_tiet_dong_ho`
  MODIFY `id` int(11) NOT NULL AUTO_INCREMENT, AUTO_INCREMENT=171;

--
-- AUTO_INCREMENT cho bảng `danh_gia`
--
ALTER TABLE `danh_gia`
  MODIFY `id` int(11) NOT NULL AUTO_INCREMENT, AUTO_INCREMENT=6;

--
-- AUTO_INCREMENT cho bảng `day_tro`
--
ALTER TABLE `day_tro`
  MODIFY `id` int(11) NOT NULL AUTO_INCREMENT, AUTO_INCREMENT=45;

--
-- AUTO_INCREMENT cho bảng `dia_chi`
--
ALTER TABLE `dia_chi`
  MODIFY `id` int(11) NOT NULL AUTO_INCREMENT, AUTO_INCREMENT=169;

--
-- AUTO_INCREMENT cho bảng `dich_vu`
--
ALTER TABLE `dich_vu`
  MODIFY `id` int(11) NOT NULL AUTO_INCREMENT, AUTO_INCREMENT=26;

--
-- AUTO_INCREMENT cho bảng `dich_vu_dinh_ky`
--
ALTER TABLE `dich_vu_dinh_ky`
  MODIFY `id` int(11) NOT NULL AUTO_INCREMENT, AUTO_INCREMENT=121;

--
-- AUTO_INCREMENT cho bảng `dong_ho`
--
ALTER TABLE `dong_ho`
  MODIFY `id` int(11) NOT NULL AUTO_INCREMENT, AUTO_INCREMENT=54;

--
-- AUTO_INCREMENT cho bảng `hoa_don`
--
ALTER TABLE `hoa_don`
  MODIFY `id` int(11) NOT NULL AUTO_INCREMENT, AUTO_INCREMENT=225;

--
-- AUTO_INCREMENT cho bảng `hop_dong`
--
ALTER TABLE `hop_dong`
  MODIFY `id` int(11) NOT NULL AUTO_INCREMENT, AUTO_INCREMENT=138;

--
-- AUTO_INCREMENT cho bảng `jobs`
--
ALTER TABLE `jobs`
  MODIFY `id` bigint(20) UNSIGNED NOT NULL AUTO_INCREMENT;

--
-- AUTO_INCREMENT cho bảng `khach_thue`
--
ALTER TABLE `khach_thue`
  MODIFY `id` int(11) NOT NULL AUTO_INCREMENT, AUTO_INCREMENT=107;

--
-- AUTO_INCREMENT cho bảng `migrations`
--
ALTER TABLE `migrations`
  MODIFY `id` int(10) UNSIGNED NOT NULL AUTO_INCREMENT, AUTO_INCREMENT=22;

--
-- AUTO_INCREMENT cho bảng `nguoi_dung`
--
ALTER TABLE `nguoi_dung`
  MODIFY `id` int(11) NOT NULL AUTO_INCREMENT, AUTO_INCREMENT=207;

--
-- AUTO_INCREMENT cho bảng `nguoi_than`
--
ALTER TABLE `nguoi_than`
  MODIFY `id` int(11) NOT NULL AUTO_INCREMENT, AUTO_INCREMENT=116;

--
-- AUTO_INCREMENT cho bảng `personal_access_tokens`
--
ALTER TABLE `personal_access_tokens`
  MODIFY `id` bigint(20) UNSIGNED NOT NULL AUTO_INCREMENT, AUTO_INCREMENT=956;

--
-- AUTO_INCREMENT cho bảng `phong`
--
ALTER TABLE `phong`
  MODIFY `id` int(11) NOT NULL AUTO_INCREMENT, AUTO_INCREMENT=87;

--
-- AUTO_INCREMENT cho bảng `phuong_tien`
--
ALTER TABLE `phuong_tien`
  MODIFY `id` int(11) NOT NULL AUTO_INCREMENT, AUTO_INCREMENT=6;

--
-- AUTO_INCREMENT cho bảng `tam_tru`
--
ALTER TABLE `tam_tru`
  MODIFY `id` int(11) NOT NULL AUTO_INCREMENT, AUTO_INCREMENT=6;

--
-- AUTO_INCREMENT cho bảng `thanh_toan`
--
ALTER TABLE `thanh_toan`
  MODIFY `id` int(11) NOT NULL AUTO_INCREMENT, AUTO_INCREMENT=6;

--
-- AUTO_INCREMENT cho bảng `thong_bao`
--
ALTER TABLE `thong_bao`
  MODIFY `id` int(11) NOT NULL AUTO_INCREMENT, AUTO_INCREMENT=323;

--
-- AUTO_INCREMENT cho bảng `tien_ich`
--
ALTER TABLE `tien_ich`
  MODIFY `id` int(11) NOT NULL AUTO_INCREMENT, AUTO_INCREMENT=7;

--
-- AUTO_INCREMENT cho bảng `users`
--
ALTER TABLE `users`
  MODIFY `id` bigint(20) UNSIGNED NOT NULL AUTO_INCREMENT;

--
-- AUTO_INCREMENT cho bảng `yeu_cau_sua_chua`
--
ALTER TABLE `yeu_cau_sua_chua`
  MODIFY `id` int(11) NOT NULL AUTO_INCREMENT;

--
-- AUTO_INCREMENT cho bảng `yeu_cau_thue`
--
ALTER TABLE `yeu_cau_thue`
  MODIFY `id` int(11) NOT NULL AUTO_INCREMENT, AUTO_INCREMENT=111;

--
-- AUTO_INCREMENT cho bảng `yeu_thich`
--
ALTER TABLE `yeu_thich`
  MODIFY `id` int(11) NOT NULL AUTO_INCREMENT, AUTO_INCREMENT=10;

--
-- Các ràng buộc cho các bảng đã đổ
--

--
-- Các ràng buộc cho bảng `anh_bai_dang`
--
ALTER TABLE `anh_bai_dang`
  ADD CONSTRAINT `fk_anh_baidang` FOREIGN KEY (`bai_dang_id`) REFERENCES `bai_dang` (`id`) ON DELETE CASCADE ON UPDATE CASCADE;

--
-- Các ràng buộc cho bảng `bai_dang`
--
ALTER TABLE `bai_dang`
  ADD CONSTRAINT `fk_baidang_phong` FOREIGN KEY (`phong_id`) REFERENCES `phong` (`id`) ON DELETE CASCADE ON UPDATE CASCADE,
  ADD CONSTRAINT `fk_baidang_user` FOREIGN KEY (`nguoi_dung_id`) REFERENCES `nguoi_dung` (`id`) ON DELETE SET NULL ON UPDATE CASCADE;

--
-- Các ràng buộc cho bảng `chi_so`
--
ALTER TABLE `chi_so`
  ADD CONSTRAINT `fk_cs_dongho` FOREIGN KEY (`dong_ho_id`) REFERENCES `dong_ho` (`id`) ON DELETE CASCADE ON UPDATE CASCADE,
  ADD CONSTRAINT `fk_cs_user` FOREIGN KEY (`nguoi_nhap_id`) REFERENCES `nguoi_dung` (`id`) ON DELETE SET NULL ON UPDATE CASCADE;

--
-- Các ràng buộc cho bảng `chi_tiet_dich_vu`
--
ALTER TABLE `chi_tiet_dich_vu`
  ADD CONSTRAINT `fk_ctdv_dv` FOREIGN KEY (`dich_vu_id`) REFERENCES `dich_vu` (`id`) ON UPDATE CASCADE,
  ADD CONSTRAINT `fk_ctdv_hd` FOREIGN KEY (`hoa_don_id`) REFERENCES `hoa_don` (`id`) ON DELETE CASCADE ON UPDATE CASCADE;

--
-- Các ràng buộc cho bảng `chi_tiet_dong_ho`
--
ALTER TABLE `chi_tiet_dong_ho`
  ADD CONSTRAINT `fk_ctdh_dongho` FOREIGN KEY (`dong_ho_id`) REFERENCES `dong_ho` (`id`) ON UPDATE CASCADE,
  ADD CONSTRAINT `fk_ctdh_dv` FOREIGN KEY (`dich_vu_id`) REFERENCES `dich_vu` (`id`) ON UPDATE CASCADE,
  ADD CONSTRAINT `fk_ctdh_hd` FOREIGN KEY (`hoa_don_id`) REFERENCES `hoa_don` (`id`) ON DELETE CASCADE ON UPDATE CASCADE;

--
-- Các ràng buộc cho bảng `chu_tro`
--
ALTER TABLE `chu_tro`
  ADD CONSTRAINT `fk_chu_tro_user` FOREIGN KEY (`id`) REFERENCES `nguoi_dung` (`id`) ON DELETE CASCADE ON UPDATE CASCADE;

--
-- Các ràng buộc cho bảng `danh_gia`
--
ALTER TABLE `danh_gia`
  ADD CONSTRAINT `fk_dg_hd` FOREIGN KEY (`hop_dong_id`) REFERENCES `hop_dong` (`id`) ON DELETE CASCADE ON UPDATE CASCADE,
  ADD CONSTRAINT `fk_dg_khach` FOREIGN KEY (`khach_thue_id`) REFERENCES `khach_thue` (`id`) ON DELETE CASCADE ON UPDATE CASCADE;

--
-- Các ràng buộc cho bảng `day_tro`
--
ALTER TABLE `day_tro`
  ADD CONSTRAINT `fk_daytro_chutro` FOREIGN KEY (`chu_tro_id`) REFERENCES `chu_tro` (`id`) ON DELETE CASCADE ON UPDATE CASCADE;

--
-- Các ràng buộc cho bảng `dich_vu_dinh_ky`
--
ALTER TABLE `dich_vu_dinh_ky`
  ADD CONSTRAINT `fk_dvdk_dv` FOREIGN KEY (`dich_vu_id`) REFERENCES `dich_vu` (`id`) ON UPDATE CASCADE,
  ADD CONSTRAINT `fk_dvdk_phong` FOREIGN KEY (`phong_id`) REFERENCES `phong` (`id`) ON DELETE CASCADE ON UPDATE CASCADE;

--
-- Các ràng buộc cho bảng `dong_ho`
--
ALTER TABLE `dong_ho`
  ADD CONSTRAINT `fk_dh_dv` FOREIGN KEY (`dich_vu_id`) REFERENCES `dich_vu` (`id`) ON UPDATE CASCADE,
  ADD CONSTRAINT `fk_dh_phong` FOREIGN KEY (`phong_id`) REFERENCES `phong` (`id`) ON DELETE CASCADE ON UPDATE CASCADE;

--
-- Các ràng buộc cho bảng `hoa_don`
--
ALTER TABLE `hoa_don`
  ADD CONSTRAINT `fk_hd_hopdong` FOREIGN KEY (`hop_dong_id`) REFERENCES `hop_dong` (`id`) ON DELETE CASCADE ON UPDATE CASCADE;

--
-- Các ràng buộc cho bảng `hop_dong`
--
ALTER TABLE `hop_dong`
  ADD CONSTRAINT `fk_hd_khach` FOREIGN KEY (`khach_thue_id`) REFERENCES `khach_thue` (`id`) ON UPDATE CASCADE,
  ADD CONSTRAINT `fk_hd_phong` FOREIGN KEY (`phong_id`) REFERENCES `phong` (`id`) ON UPDATE CASCADE;

--
-- Các ràng buộc cho bảng `khach_thue`
--
ALTER TABLE `khach_thue`
  ADD CONSTRAINT `fk_khach_thue_user` FOREIGN KEY (`nguoi_dung_id`) REFERENCES `nguoi_dung` (`id`) ON DELETE CASCADE ON UPDATE CASCADE;

--
-- Các ràng buộc cho bảng `nguoi_than`
--
ALTER TABLE `nguoi_than`
  ADD CONSTRAINT `fk_than_khach` FOREIGN KEY (`khach_thue_id`) REFERENCES `khach_thue` (`id`) ON DELETE CASCADE ON UPDATE CASCADE;

--
-- Các ràng buộc cho bảng `phong`
--
ALTER TABLE `phong`
  ADD CONSTRAINT `fk_phong_daytro` FOREIGN KEY (`day_tro_id`) REFERENCES `day_tro` (`id`) ON DELETE CASCADE ON UPDATE CASCADE;

--
-- Các ràng buộc cho bảng `phong_tien_ich`
--
ALTER TABLE `phong_tien_ich`
  ADD CONSTRAINT `fk_pti_phong` FOREIGN KEY (`phong_id`) REFERENCES `phong` (`id`) ON DELETE CASCADE ON UPDATE CASCADE,
  ADD CONSTRAINT `fk_pti_tienich` FOREIGN KEY (`tien_ich_id`) REFERENCES `tien_ich` (`id`) ON DELETE CASCADE ON UPDATE CASCADE;

--
-- Các ràng buộc cho bảng `phuong_tien`
--
ALTER TABLE `phuong_tien`
  ADD CONSTRAINT `fk_pt_khach` FOREIGN KEY (`khach_thue_id`) REFERENCES `khach_thue` (`id`) ON DELETE CASCADE ON UPDATE CASCADE;

--
-- Các ràng buộc cho bảng `tam_tru`
--
ALTER TABLE `tam_tru`
  ADD CONSTRAINT `fk_tamtru_hopdong` FOREIGN KEY (`hop_dong_id`) REFERENCES `hop_dong` (`id`) ON DELETE CASCADE ON UPDATE CASCADE;

--
-- Các ràng buộc cho bảng `thanh_toan`
--
ALTER TABLE `thanh_toan`
  ADD CONSTRAINT `fk_thanhtoan_hoadon` FOREIGN KEY (`hoa_don_id`) REFERENCES `hoa_don` (`id`) ON DELETE CASCADE ON UPDATE CASCADE;

--
-- Các ràng buộc cho bảng `thong_bao`
--
ALTER TABLE `thong_bao`
  ADD CONSTRAINT `thong_bao_ibfk_1` FOREIGN KEY (`nguoi_nhan_id`) REFERENCES `nguoi_dung` (`id`) ON DELETE CASCADE ON UPDATE CASCADE;

--
-- Các ràng buộc cho bảng `yeu_cau_sua_chua`
--
ALTER TABLE `yeu_cau_sua_chua`
  ADD CONSTRAINT `yeu_cau_sua_chua_ibfk_1` FOREIGN KEY (`khach_thue_id`) REFERENCES `khach_thue` (`id`),
  ADD CONSTRAINT `yeu_cau_sua_chua_ibfk_2` FOREIGN KEY (`phong_id`) REFERENCES `phong` (`id`);

--
-- Các ràng buộc cho bảng `yeu_cau_thue`
--
ALTER TABLE `yeu_cau_thue`
  ADD CONSTRAINT `fk_yct_bd` FOREIGN KEY (`bai_dang_id`) REFERENCES `bai_dang` (`id`) ON DELETE CASCADE ON UPDATE CASCADE,
  ADD CONSTRAINT `fk_yct_kh` FOREIGN KEY (`khach_thue_id`) REFERENCES `khach_thue` (`id`) ON DELETE CASCADE ON UPDATE CASCADE,
  ADD CONSTRAINT `yeu_cau_thue_ibfk_1` FOREIGN KEY (`bai_dang_id`) REFERENCES `bai_dang` (`id`),
  ADD CONSTRAINT `yeu_cau_thue_ibfk_2` FOREIGN KEY (`khach_thue_id`) REFERENCES `khach_thue` (`id`);

--
-- Các ràng buộc cho bảng `yeu_thich`
--
ALTER TABLE `yeu_thich`
  ADD CONSTRAINT `fk_yeu_thich_baidang` FOREIGN KEY (`bai_dang_id`) REFERENCES `bai_dang` (`id`) ON DELETE CASCADE ON UPDATE CASCADE,
  ADD CONSTRAINT `fk_yeu_thich_khach` FOREIGN KEY (`khach_thue_id`) REFERENCES `khach_thue` (`id`) ON DELETE CASCADE ON UPDATE CASCADE;
COMMIT;

/*!40101 SET CHARACTER_SET_CLIENT=@OLD_CHARACTER_SET_CLIENT */;
/*!40101 SET CHARACTER_SET_RESULTS=@OLD_CHARACTER_SET_RESULTS */;
/*!40101 SET COLLATION_CONNECTION=@OLD_COLLATION_CONNECTION */;
